J3QMY9	P15409	0
Q8BUN5	O35449	0
Q925T4	Q8K2T8	0
P70178	Q9DCA5	0
Q69ZQ2	Q6PB97	0
P70180	P56389	0
Q921K9	Q9QZB1	0
Q6WVG3	P62874	0
Q62108	Q8BK67	0
Q69ZC8	P60879	0
Q8CGP2	P54728	0
P63082	Q99MX7	0
Q8K023	Q9JKX8	0
Q9CWF2	Q6NV72	0
Q08189	Q8R4R6	0
Q9CQ92	P20443	0
Q8K4Z5	Q9D7M1	0
Q3UMU9	Q9JKN5	0
Q8BWF0	Q8C4J0	0
Q8VIJ6	P18828	0
Q8C0I1	P70458	0
Q9Z307	Q9CQM9	0
Q9JJF2	P25233	0
O08736	Q63943	0
P63072	Q9Z0H7	0
Q9QZB1	O88667	0
Q62210	Q07646	0
Q922X9	P62852	0
Q60972	P70423	0
Q1EHW4	Q8BTM9	0
P60853	P25118	0
O70503	P51859	0
Q8C008	O70252	0
P35279	Q8R4L0	0
O88845	Q99JP6	0
Q6P8Z1	P84089	0
Q1EHW4	P16872	0
P23506	Q61696	0
Q9CQH8	P62305	0
Q99KV1	Q9CPN8	0
O88803	Q99J83	0
P17919	Q9CPX6	0
Q8BH59	Q63810	0
O88705	P09092	0
Q9JHJ0	Q793I8	0
P62748	Q9ER88	0
Q80WG7	P48036	0
P29699	Q9DAI2	0
Q8K1N4	Q9CWY3	0
Q9D0L6	Q8CB87	0
Q91WK7	Q60994	0
Q64321	Q9DCX1	0
Q8BW93	Q8VCB2	0
Q9JHJ0	Q9DBP5	0
P56477	Q9R112	0
O35207	P50153	0
Q8K214	Q91X43	0
P42866	Q9CZH3	0
Q4G5Y1	Q8K194	0
Q64364	Q9D8B3	0
P11352	P97428	0
Q9WTP3	Q9CZG3	0
Q9D0M5	Q9Z2W0	0
Q8BVI5	P50518	0
Q7TQJ8	O09106	0
O88967	P55821	0
Q8BYZ7	Q9R000	0
Q9D7M8	P41731	0
O88559	O35280	0
Q61881	Q5RJI5	0
Q8VEM8	P83887	0
Q3U182	Q8CI95	0
Q8VEB1	Q8QZZ8	0
Q9Z1S5	Q60676	0
Q9D0F1	Q8BIX3	0
Q9ESS0	Q149L7	0
Q9D706	Q9EQX4	0
Q9CR68	Q9QX11	0
O08599	P35561	0
Q99JA4	Q3U2S8	0
Q8BFZ3	Q8CDI2	0
O70166	Q8BVM9	0
Q60929	P48024	0
Q8BKA3	P50615	0
Q922Q2	O89114	0
Q9R020	P68254	0
Q99JI6	O88983	0
Q9CQZ1	P56873	0
Q8BWM0	Q60772	0
Q6NXM2	P30993	0
Q61180	Q8K3J1	0
O08739	Q8BPU7	0
Q8BP48	Q9Z101	0
Q64478	Q9Z1S8	0
Q99PE9	Q8VDU0	0
Q9CQZ0	B2RWW0	0
Q60795	O88507	0
P98083	Q9DBS2	0
Q50H33	Q6NY15	0
Q8BP67	O88983	0
Q9CPQ1	P04370	0
Q8BVL9	Q8BFR5	0
O88342	Q3UE37	0
Q9JM96	Q3UHB8	0
Q9D5A0	Q8JZU2	0
Q922Y1	Q62210	0
Q8R0W1	P35979	0
Q99LB0	P98084	0
Q8VEG6	Q3ULL6	0
Q5SV77	Q8K480	0
Q06985	Q8BL65	0
Q9CWI3	P47934	0
P28700	Q80Z64	0
O08696	Q80X44	0
P46460	Q5SW45	0
P24161	Q8BRK8	0
P47964	Q99NC0	0
O88609	Q9Z2X1	0
B2RWW0	O88983	0
O35698	Q8BKH7	0
Q8BJU0	Q922V4	0
P37217	Q9DCW4	0
Q8VE65	Q9R0N8	0
Q9QZ06	Q9D518	0
Q14BB9	Q9JI19	0
P61161	Q69Z99	0
Q05769	P28359	0
P62754	O08856	0
Q9WVR4	P14234	0
Q8K0Y2	O35143	0
Q9CZT4	Q9D8Q6	0
Q9CPV0	Q9CXL3	0
Q9JLJ2	Q9EQP2	0
Q8BTZ4	Q61462	0
Q9QUN3	Q8R5H6	0
Q8K1K4	Q99PT3	0
P47915	Q3UFB7	0
Q9R020	Q9Z247	0
P32020	Q9QWK4	0
P51141	Q8CGU1	0
Q99L13	Q3UM45	0
Q9CT10	Q8K2C9	0
B8JJ69	Q00899	0
P54285	Q5EBH1	0
Q9D855	Q6ZQI3	0
Q3UND0	P62331	0
Q7TMK9	O35739	0
P10649	Q9CQQ4	0
P97351	O35218	0
Q8CAK1	P62900	0
Q924A0	Q9D198	0
P27790	Q91X96	0
P04370	Q60925	0
P28867	Q9WVR4	0
P62915	Q9DBB1	0
Q9CWR2	Q5SQY2	0
P42866	Q9JM96	0
Q3U1F9	Q9Z0P7	0
Q08024	Q80ZM5	0
P84096	P28359	0
Q64261	Q9D903	0
Q9CQE6	P05533	0
Q8BNW9	Q9WV54	0
O35437	P62492	0
P26443	Q9Z1E4	0
P09055	Q60996	0
Q07174	Q6P1F6	0
Q8VC34	Q9WUU8	0
Q9Z2D1	Q9CXV0	0
Q9CXS4	A2AWT3	0
Q8K450	Q9Z1D7	0
Q8K450	O54734	0
O54957	P61759	0
P05627	P52946	0
Q62277	Q62420	0
Q99PT3	Q61324	0
Q9CPN9	Q91ZR4	0
Q99J45	Q62159	0
Q9QXT5	Q8CFZ4	0
O89033	Q920A7	0
P61793	Q8VI40	0
P63213	O88495	0
Q7TPD6	Q8K1M6	0
P01731	Q8K0Y2	0
P42669	Q8CDC7	0
Q9Z1A1	Q8CCK0	0
F8VQK3	P70288	0
Q9D0B8	P97351	0
Q8CFR0	Q99KI0	0
Q8C0E2	Q9WVM3	0
Q505B8	P55284	0
Q9Z1K6	Q9DBL1	0
Q9CR25	Q9DCJ1	0
P97474	Q8CCK0	0
Q80X44	P84096	0
Q08775	P17563	0
Q60692	P10166	0
Q9DCS9	Q9EQ51	0
Q3UUJ4	P33611	0
O70551	Q8JZN5	0
Q3UE37	Q60737	0
Q8CJ67	P48437	0
Q9R1P3	P61358	0
A2ATY4	P12979	0
P35292	E9Q1P8	0
P62254	Q9DCC8	0
Q9EQ14	Q9CPN8	0
Q8CCE9	Q9JLQ0	0
Q924K8	D3YZP9	0
Q3TC33	Q8QZX2	0
P16015	Q3TWW8	0
Q9Z2F6	Q99MH6	0
Q50H33	Q9CPU0	0
P29341	P62774	0
Q6ZWY3	P08752	0
Q9ESN4	Q3V132	0
Q8VEG6	Q6PDX6	0
Q9QYE9	Q9Z111	0
O35668	O88983	0
P26041	Q64355	0
Q9Z1F9	P62331	0
O35613	Q9JM63	0
Q8QZY1	P49138	0
Q8BSA9	P23798	0
Q91YQ3	Q9D0S9	0
P55258	P83917	0
P0CG49	O35149	0
O35618	Q8VCE2	0
P09027	Q8R5M8	0
Q8BMB3	P54923	0
Q8BKZ9	Q62296	0
Q8K297	Q9JHJ3	0
O35864	Q9QXG9	0
P17742	Q9ERD8	0
Q62393	O70477	0
Q9D6Z1	P48381	0
Q9D8V7	Q3UYC0	0
O35566	P52760	0
Q9R257	Q8R349	0
Q9CXU0	Q99K48	0
Q9CQB2	P70396	0
Q9QYE3	Q91XU3	0
P19253	Q6DFW0	0
P59235	Q9R194	0
Q8R2H9	Q6J1H4	0
Q8BG54	Q9Z2X1	0
P35282	Q99M28	0
Q61088	P46099	0
Q8K3X6	D3YV10	0
Q9D6R2	Q8JZU2	0
Q921X6	P07214	0
Q6PER3	P69566	0
Q9JKP8	Q7TMF3	0
P11680	P28798	0
P10628	Q9JLT4	0
P43241	O88809	0
Q62219	Q62441	0
Q80WJ1	Q791V5	0
Q9JLV1	Q6PER3	0
Q9ER80	P23798	0
P84244	Q9JKN5	0
Q9D0J4	P05132	0
Q60987	D3YZP9	0
Q8BP67	Q8K339	0
P16388	Q9JJC8	0
Q9CWR8	P62991	0
Q9CPQ1	P04756	0
P47962	P97302	0
Q01405	P68037	0
P23198	Q8CBW3	0
P63318	Q91X97	0
Q9DCL8	Q8CFV9	0
Q60996	P04441	0
Q9CQJ2	Q9CWE6	0
Q6DFW4	O88983	0
Q8K2X3	Q8CI43	0
P49718	O88898	0
P20263	P63013	0
Q80VP2	Q3TC93	0
P97363	P23953	0
Q60963	Q3TDX8	0
P16627	Q8CGW9	0
Q8BYZ7	P16388	0
Q6ZWN5	P23798	0
Q61701	Q7TNS5	0
P97438	Q7TMA4	0
P97440	Q9JJ78	0
Q9JKK1	Q61881	0
P15535	P43006	0
Q9CY57	Q80X44	0
Q8BXF8	P52480	0
Q99LQ1	O88983	0
Q9Z2G6	Q8QZY6	0
P01139	Q06649	0
O88602	Q91X51	0
Q9WU01	Q5SRX1	0
P63328	Q9DCT8	0
Q99JI4	O89050	0
Q9WTN6	P22777	0
P02535	Q9R224	0
P35276	Q921M7	0
Q9CQU5	Q8BUZ3	0
Q8N7N5	Q9WUN2	0
O08675	P47738	0
P30285	Q60775	0
Q9ESX5	Q9D6X5	0
Q8K480	Q99LW6	0
Q9R190	P62492	0
Q9CZR8	Q9R0G6	0
Q91YQ1	P16951	0
Q61193	Q8VCE2	0
Q3TTY5	Q9D5T0	0
Q9CZH8	Q9CS74	0
Q9CYR0	Q63943	0
P32507	O35216	0
P10629	O88786	0
Q8BXJ8	Q9R0G6	0
P24610	Q8K3W2	0
Q8C0I1	Q61751	0
Q9DB54	Q91WT9	0
O88602	Q9D0B8	0
Q9Z2H7	Q9EQ20	0
Q8VCI5	O35083	0
Q6P8J7	Q3V1L4	0
Q9Z204	Q99PE9	0
Q9CZE3	O54724	0
Q9CQ62	Q4VAA7	0
Q61207	P01901	0
Q8VBU8	Q7TS72	0
Q60795	Q8CGP2	0
P63082	Q9JJN6	0
Q8QZS3	Q8C180	0
Q6P9R2	Q08775	0
O88456	Q91XV3	0
P59017	P59110	0
Q80UK7	P62315	0
Q9QZ47	D3YZP9	0
Q3URS9	P70460	0
O35149	Q64143	0
Q8BHD0	P10166	0
Q8VH51	P97457	0
Q99JY3	Q91WA4	0
Q61234	Q9ERD7	0
Q99NB8	P10085	0
Q9DCV7	Q9CR25	0
Q8VEK0	Q63934	0
Q8BWM0	P52189	0
Q91WN1	Q6NSQ7	0
Q8K1K4	Q0VG62	0
E9PYJ0	O89053	0
Q3TKY6	P70315	0
Q3TMW1	P61809	0
Q64287	Q9DC69	0
Q7TMS5	Q9D8C6	0
P97872	Q9JKB1	0
P36898	P24472	0
Q60989	O70161	0
Q8BP22	Q8K4M5	0
P62322	O35137	0
Q91VL9	P70278	0
E0CZ16	Q01339	0
P46097	P47878	0
Q62432	P42228	0
Q8BVI5	O35730	0
P42128	P97379	0
Q9QUN9	Q9D5I4	0
P20444	P08030	0
Q8BVR6	Q8C6G8	0
Q9QX98	Q61193	0
P20357	Q60749	0
O88888	P21981	0
Q8K0V4	Q7TNS8	0
P19228	Q68G58	0
P61979	Q921M7	0
Q9WVE8	Q99M28	0
Q9JIY2	P62849	0
Q7TMA4	P49312	0
Q8CE08	Q91VH2	0
P12815	Q9JJW5	0
P49722	Q8CAM5	0
P18111	P97458	0
E9QAF4	Q80YV2	0
Q06890	Q9JM93	0
Q08943	Q07968	0
Q61753	Q99LL5	0
Q9CR25	P63216	0
O54984	Q9DBS8	0
Q91W40	Q8R0S4	0
P11247	Q8JZX3	0
Q9QZ47	P68369	0
Q8BJQ4	P84099	0
E9Q7L6	Q9JHC9	0
P60710	A2AMM0	0
P84104	Q99J83	0
Q9QXZ0	P22339	0
Q9Z1B8	P28359	0
Q8BFU3	P61092	0
P51860	O35143	0
Q80TK0	Q9QYE6	0
Q99KI3	P35991	0
Q03157	P35363	0
O08756	A2AMM0	0
Q8VEK6	Q9CWE6	0
P70689	Q3V0Q6	0
Q9DBP5	P62702	0
Q06507	Q61233	0
Q03358	Q8C1R0	0
Q9Z0S3	Q7TSZ8	0
O88838	Q7TND5	0
P61922	O88983	0
Q8R1P4	D3YU81	0
Q9JHI9	P70278	0
Q80SS5	Q8VIM0	0
Q99LL5	Q9CW46	0
Q9QZB0	Q80YS6	0
P61079	Q05144	0
O88470	Q5DU02	0
Q64525	Q8K5B8	0
P53568	P51450	0
Q8BUV6	Q9WVC6	0
Q9QWT9	Q7TNS8	0
P0C0A3	Q8CH72	0
Q9QUN7	P26339	0
Q60972	Q9D8C6	0
P06876	Q8C6G8	0
Q9WTZ8	Q9R0P5	0
Q5EBG6	Q9D8V7	0
Q9D0M5	P59235	0
P17183	Q8VIJ6	0
O08608	P33434	0
Q9CQ92	Q62420	0
Q925E0	D3YZP9	0
P27467	O55229	0
P62878	O35926	0
Q08274	P62823	0
P07356	P51865	0
Q8BUN5	O08863	0
Q8C726	P84089	0
Q64010	Q9D8U8	0
Q9D8E6	Q9QXL8	0
P28656	Q60631	0
P27577	Q9EP69	0
P28352	Q64364	0
P00158	P26687	0
O70445	Q9DBY1	0
Q9JLM8	P23242	0
Q60954	P84096	0
O88838	P97363	0
Q8VCD6	Q9D2Y5	0
P70677	Q9CZB0	0
Q62093	Q60898	0
O54864	P59913	0
Q8BUV3	Q9CPN8	0
P03995	Q9QZM3	0
Q9WVE0	P97376	0
Q9DCT2	Q8VC56	0
Q91XU0	Q9JLC3	0
Q9ERE7	P28359	0
Q8BH57	P63154	0
P34914	P47955	0
Q9JI70	P70178	0
Q9D9Q6	P84096	0
Q8VE92	Q9JKB1	0
P97377	Q8CHV6	0
Q64012	P10923	0
Q9D0I8	Q62311	0
Q60649	Q9QX11	0
P22315	Q9QUG3	0
Q9Z0Y9	Q5SXI5	0
Q9CSU0	Q9DB54	0
Q8BVE3	Q9DB75	0
Q9CQ20	Q9ERI2	0
P63028	P53395	0
Q9JJF3	P28359	0
P56528	Q91ZD1	0
P30306	Q8BGH2	0
P35285	Q8QZY1	0
Q9CWE6	Q9QUN7	0
O88838	P10166	0
P23804	Q3UPP8	0
O88597	Q9Z2C5	0
Q9JKK1	Q5RJI5	0
Q99MN1	P22518	0
Q9CZH8	P52293	0
O54865	Q9D6H5	0
P01942	P56480	0
Q60821	Q6P6I6	0
P49446	P68404	0
Q9CWD8	P07759	0
Q8CE90	P05201	0
Q9DCS9	D3YV10	0
P61458	Q91WM3	0
O35129	Q8JZL0	0
O55179	Q8VE09	0
P20612	Q6WKZ7	0
Q2HJ10	Q9D2R6	0
Q9CW46	Q8CI95	0
O08849	Q99M28	0
O88507	P54728	0
Q9D8Q6	Q9DBT5	0
O55042	Q80U04	0
O35149	Q8R023	0
O08677	Q8CI15	0
Q78S06	Q9D8Y0	0
P27040	P58043	0
P17182	Q9QY36	0
Q9Z2R9	O88447	0
Q9D9V3	Q6ZPL9	0
Q08857	O89086	0
Q9R257	Q64261	0
P62962	Q8VDD8	0
P26041	Q9CY25	0
Q9R0M6	Q64261	0
Q02614	Q9D495	0
P32211	Q9JMA1	0
Q8R323	P70315	0
Q61858	Q61169	0
Q7TNC4	Q3TJZ6	0
Q923T9	P62322	0
Q6NXK8	Q99LI2	0
Q9ERR1	Q99MR8	0
P29341	Q60585	0
P84078	Q99PE2	0
Q8VD72	P70434	0
Q9D8M7	Q5SWT3	0
Q6KAR6	Q11127	0
Q6IQX8	Q6NXH3	0
P14148	Q8BH58	0
Q64729	Q80VH0	0
Q9JIX0	O88845	0
Q8R326	Q9WVC3	0
P99028	P84089	0
Q9D6K8	Q9Z2Q6	0
Q9D6S7	P61809	0
Q61146	Q8VDH1	0
Q99LI9	P23798	0
O35451	P30658	0
O54790	Q62011	0
Q9DCR4	Q6ZPI3	0
Q9D4G2	Q91YL7	0
P53351	Q9CQW1	0
Q8VDF2	Q8BT07	0
Q9CQT7	Q791V5	0
Q6PDX6	Q9CRB9	0
Q8R138	P43277	0
Q62231	Q7TQI3	0
Q60771	Q9CXU1	0
Q8BW74	Q8K3J1	0
Q9DAS9	Q8C031	0
P22893	P62331	0
Q9WVC8	P20109	0
Q8BP22	Q8K479	0
O88495	P15864	0
Q9JL62	P70389	0
P56581	P07310	0
Q91VH2	Q8BMB3	0
P55088	O35626	0
O54946	Q8R5H6	0
Q62227	Q9JM96	0
P56942	Q04750	0
Q9D1D4	P56818	0
Q9R000	Q3UVU3	0
Q91WT9	Q9CSU0	0
P61588	P15306	0
P22727	Q9JL10	0
P26952	O70311	0
Q61545	Q9JIS5	0
Q00977	Q91YN9	0
Q8C2K1	Q64008	0
Q60823	Q80Z64	0
Q99JN2	P82350	0
Q80T23	Q8JZU2	0
P62245	Q9CZH3	0
Q9JHJ3	Q99N28	0
P17095	Q60900	0
Q8BG54	Q3UK10	0
Q3TIV5	P58929	0
P05627	O08917	0
Q6PD26	Q78ZA7	0
Q8C650	P58463	0
Q7TQK5	P43404	0
Q99KX1	P22646	0
Q8BPU7	Q99NB1	0
P18760	P12815	0
Q99J62	Q8CDC7	0
P50149	Q9D8C6	0
Q9DA08	P50615	0
Q64152	Q9DCW4	0
Q8C2S0	Q99J95	0
Q9D2E2	Q8BGN3	0
P35242	Q80UG5	0
Q3UVL4	Q9CQ71	0
Q8BRG8	P62075	0
Q8BG89	Q8R138	0
Q9D0I9	O88809	0
Q8K3H0	D3YZP9	0
Q9DBS8	Q3URS2	0
Q9Z1K5	P61079	0
Q99P91	Q8C031	0
Q9CPY3	Q9CQ21	0
Q9CPQ8	Q9CQ69	0
Q00288	Q8K2B3	0
Q99P58	Q8VE47	0
P19253	O35129	0
Q9R0P3	Q8BWS5	0
P47713	Q8VE09	0
P82347	Q9WVK0	0
Q9JKD8	O08575	0
Q9JMA2	P54841	0
Q9Z320	P15392	0
Q6P1B1	P62492	0
Q9CZR8	Q64378	0
Q791V5	P30658	0
Q8BZF8	O88342	0
Q8BTW8	O08675	0
Q80SS5	O88487	0
P61982	O88335	0
Q9DCK3	P18872	0
Q6NSQ7	P14094	0
Q61324	Q9Z175	0
Q8VDU0	Q8VC57	0
Q9R078	Q04899	0
Q1H9T6	Q7TQ95	0
P08152	O70421	0
Q8BW93	Q08481	0
Q8BQ46	Q80Z64	0
Q05769	P84096	0
Q64368	Q9EQN3	0
P27600	P28798	0
Q8BHD1	Q99KX1	0
P99029	P60764	0
P53994	Q9JLI7	0
Q64321	Q9WUI1	0
Q9Z268	Q9JKP8	0
Q9D2Y5	A0JNT9	0
Q9WTV7	P70434	0
Q9QXE7	Q91WK0	0
Q02257	Q6SJQ7	0
Q9DCD6	P49312	0
P41155	Q99MX7	0
Q9D1H7	P84089	0
Q6P1F6	Q66JY6	0
O55234	B5KM66	0
Q9CQR6	Q8BJ03	0
P15499	P07724	0
P28301	P30204	0
Q8CDC7	O08675	0
P45952	Q9D8X1	0
Q8K3J1	Q99MK9	0
P15806	Q9CQ20	0
P70122	Q9ER42	0
Q06180	Q6P8J7	0
Q8C0V1	Q99LS1	0
Q91WQ5	Q921E2	0
Q9D735	P29699	0
Q8R2Q8	Q9CQ21	0
P62702	Q8BUK6	0
Q9EQG9	Q9D8U8	0
P09405	Q8CFR0	0
P10629	Q60837	0
P84244	Q3UMU9	0
Q9D2R6	Q60787	0
Q80UU1	Q9CRB2	0
Q8BK64	Q9QVP4	0
Q9DCR2	P63002	0
Q91W39	Q9D379	0
Q3UZB0	Q9CYX7	0
Q8BFZ4	P14719	0
S4R1L6	Q8BTZ7	0
P62774	Q60585	0
Q8BFZ9	Q9QZ88	0
P63330	Q8BFZ9	0
O35250	Q9EP97	0
P16388	Q3UVU3	0
P52479	Q8CGU1	0
Q08874	Q8R2R9	0
Q6ZQE4	P39689	0
P17553	Q8BW93	0
P09813	Q80XC2	0
P24456	Q9CPN8	0
Q9R099	Q6A0A2	0
Q61271	Q9JJN6	0
Q8K2X3	Q9CWE6	0
P70426	Q9D198	0
O55106	Q8VI24	0
Q9D6P8	P25118	0
Q6Y5D8	P62077	0
O54962	Q99LS1	0
Q61327	Q8R4R6	0
Q9R0Q3	Q9QXY6	0
Q8C650	Q60932	0
Q8VHW2	Q8BX09	0
Q9CQR4	P61028	0
P62880	Q9D6F9	0
Q9DC28	Q80UU9	0
Q91WC0	P62858	0
Q64332	Q60989	0
Q8R080	P70278	0
P32233	P70353	0
P22599	P70278	0
Q9DBJ1	Q61749	0
Q61249	Q9JHG6	0
O70230	Q99LE1	0
Q8K0Y2	P60762	0
Q6PAM1	Q9QZM4	0
Q3UHD6	Q99MX7	0
Q61457	Q8CEE7	0
P70372	P14234	0
P11440	Q05117	0
P20917	Q8BJZ4	0
Q9D6T1	P56931	0
Q9CZX7	Q99JY9	0
O09130	P97302	0
P10605	P22339	0
Q9CR67	P97357	0
Q9CZY3	Q6WKZ7	0
Q9DC69	Q9Z0X1	0
Q8K0D0	Q8K4Z2	0
Q9JMF3	Q9JJN1	0
Q8BMZ5	O54791	0
Q6IMB1	O54828	0
Q9D1G0	Q9Z1Y4	0
P24527	P52800	0
Q9D1G0	P09041	0
Q91YI1	Q9DBG9	0
Q9D593	Q80WM4	0
O35114	P70353	0
Q9Z2Z6	Q8BG99	0
P09022	Q9JLC3	0
Q8BLF1	P12813	0
P43135	Q8VCM8	0
Q8VE92	P97872	0
Q3UEI1	D3YZP9	0
P97742	O08915	0
P50516	Q8BKT8	0
O54910	Q62447	0
Q64105	Q99JB8	0
Q9JHL1	Q8BIZ6	0
Q91VL8	Q9ET38	0
Q9JLC8	Q99M15	0
P50540	Q9D6J5	0
P62821	O70571	0
Q5U4F6	Q562D6	0
P39689	P31938	0
Q8BG73	O35685	0
P35276	Q9CQ85	0
Q8BWY3	Q9D0P7	0
Q9CYZ2	P70663	0
Q9ES74	O09110	0
Q9JKY0	P54843	0
Q5RJY2	O55106	0
P70372	Q9WVR4	0
Q8VC34	P50518	0
Q8CAQ8	P06876	0
O35160	Q3UB74	0
Q91ZA3	Q9JJF2	0
P23953	O54905	0
Q9JJI8	P31230	0
Q91WM1	Q9Z2D8	0
Q8CHT0	Q9Z1G3	0
Q9JJZ6	Q9QXB9	0
Q99JR1	Q9D495	0
Q2PFD7	P70290	0
P47962	Q9ESM3	0
Q8R080	O35691	0
P36916	Q8BLR9	0
Q3URS9	Q9QYM8	0
Q925T4	Q99P58	0
Q9Z0Y1	Q2HJ10	0
P97822	Q8VEJ9	0
Q01405	Q9Z1D1	0
Q91YM4	Q9CPQ8	0
Q9DAG9	Q3TIY5	0
Q921R8	Q5SWT3	0
Q9D8U8	Q9CPV4	0
P16858	P61255	0
O88575	Q9WVA2	0
Q62392	Q9Z2D0	0
O35730	Q06185	0
P70180	Q62311	0
P50096	P12710	0
P97302	Q9D8U8	0
Q9JM58	P84096	0
Q80YV4	P45952	0
Q8BG89	O35730	0
P51660	P18828	0
P15066	Q9JKB1	0
Q9CPR7	Q9DB40	0
P83887	P57776	0
Q9Z1P6	P97348	0
P46938	Q7TQD2	0
P52927	Q62280	0
O54890	Q64732	0
Q91X91	P14148	0
Q63912	Q9ERK7	0
P16332	P62137	0
P15532	P53612	0
Q99J39	Q8BX09	0
Q9JJG6	Q03347	0
P62878	Q7TMM8	0
Q7M6Y3	Q64434	0
O70552	Q8BTW8	0
Q9D964	Q9DBG5	0
P70205	Q4FK66	0
Q9CPU4	Q9DAS9	0
Q08943	P70404	0
Q8BG81	Q80X44	0
P97454	O89053	0
Q80X73	P20334	0
P62245	Q9R0E1	0
Q80UU9	P61809	0
Q9WU00	Q8K129	0
Q8CAQ8	Q9D738	0
Q8BM65	P32443	0
Q91WQ3	P14231	0
P97465	P07091	0
Q922K7	Q3SYK4	0
P67984	P15864	0
Q9CZ44	Q07230	0
Q9D8N1	Q9Z1E4	0
O70251	Q66JY6	0
P70379	Q9CQP2	0
Q80YR2	P28700	0
Q64378	P35293	0
Q8CHP5	Q9DBT5	0
Q99K43	Q62095	0
P22723	Q99L02	0
Q99MQ4	Q80TS7	0
Q62073	P67871	0
O88705	Q60867	0
Q9CZT6	P35583	0
Q9WUD1	P61202	0
Q60864	Q9QYG0	0
Q8CII9	O55131	0
Q9CWZ3	Q80VP2	0
P18911	Q99KP6	0
Q9ESJ4	O35864	0
P50172	P63280	0
P81269	D3YZP9	0
P22091	P28359	0
Q9WVG9	Q3U108	0
P51682	Q99PE2	0
P0CB42	P61327	0
Q9Z1F9	Q3ULD5	0
Q9JII7	Q8VH51	0
O70503	Q9CPU0	0
Q61735	Q60585	0
Q9JKS5	P51174	0
Q62520	P04925	0
Q9ERB0	P14152	0
Q9Z1S8	P70362	0
Q9DBC7	Q61036	0
Q8K3K7	Q8C0P5	0
Q91VA7	Q9Z2C4	0
Q9R1T4	O54905	0
Q8R081	Q9JM54	0
Q0VGU4	Q8K023	0
Q04207	Q9R257	0
Q99KK1	O88792	0
P61092	Q9WUT3	0
Q8BHL4	Q91XU3	0
Q60795	P54728	0
Q924K1	Q9WVC6	0
Q9Z0E0	Q9D883	0
Q9CQH8	Q61039	0
P83940	Q9QY53	0
Q8VE28	Q9D2H6	0
P63044	P80317	0
P30282	P80315	0
P70429	Q9QYE6	0
P05201	P35290	0
Q9DBZ5	Q9DB54	0
Q925I1	Q9DAD6	0
O88705	Q8CBY1	0
Q3UDK1	Q9JLZ3	0
Q8VE97	Q8CEE7	0
P17095	A2AMM0	0
Q9JJZ2	Q3UFB2	0
Q3V0I2	Q5S248	0
P48432	Q69ZT9	0
P58389	Q8BMK0	0
P98084	P21981	0
Q8BHX1	Q9EQD0	0
P58043	Q4VAE3	0
P21279	P62077	0
Q66JY6	P61264	0
P43404	Q8C4V1	0
Q8VE62	D3YZP9	0
Q9JJR9	P63011	0
O09012	Q9D753	0
Q8R2V2	Q9JKB1	0
Q9JJN0	Q99JR1	0
P01887	P45952	0
Q64131	Q9DAR2	0
P62821	Q9CR11	0
D3Z2R5	Q91XU3	0
P06801	P46684	0
P17751	P62259	0
O70477	Q9Z1A1	0
Q8QZV4	P59048	0
Q61827	Q9CQK1	0
O89079	Q64364	0
Q99NB8	Q64253	0
P52194	O35182	0
Q80VQ1	Q5SXI5	0
Q9DAJ5	Q99LJ2	0
Q00286	Q3TWW8	0
P70340	O70311	0
Q61817	Q91VC3	0
Q69ZQ2	Q8C031	0
P35583	Q9R1K5	0
Q9ET35	P99028	0
Q8K4K4	Q9D518	0
Q60862	P49312	0
Q9WUA5	Q91X20	0
Q9R0G6	Q8R409	0
Q64459	P07091	0
Q91YN9	Q8VCM8	0
Q8BS45	Q9JKC8	0
E9Q5G7	P21981	0
O88495	P48453	0
Q8R105	Q9D7K2	0
Q6P9R2	O88809	0
Q60793	Q99K51	0
Q8VDH1	Q3SYK4	0
P11352	Q9Z0Z7	0
Q9D9M2	O35437	0
P08556	Q9CY66	0
Q60680	E9PUA5	0
Q9JLV1	P69566	0
Q9ERR7	Q6PAM1	0
Q62312	Q99LC8	0
P07091	O88384	0
P61161	Q9WUV0	0
P52793	P10085	0
Q8R191	Q91YM4	0
Q9JKF6	Q8BMB3	0
Q9WTJ4	Q9EPC1	0
P49070	P62484	0
Q8BVM4	P25976	0
Q80VP2	Q6P7W2	0
Q9CQW0	Q9D6W8	0
Q3UX61	Q9D6R2	0
Q7TQI3	Q3U132	0
Q9JIB0	Q8BWT1	0
P59017	Q5SS91	0
Q8R086	Q99MK9	0
P23953	Q9CWE6	0
P50446	Q8QZY9	0
P08046	P10923	0
Q9ES46	Q9CZP5	0
Q6PAM1	Q80ZI1	0
O88520	Q80ZI1	0
P09055	P48024	0
Q8C669	Q61749	0
P15535	Q9CQX8	0
A2RSY6	Q8BH60	0
Q9JK38	P47877	0
Q64337	Q8R550	0
Q3TVW5	P31938	0
Q6DFW4	Q9EP69	0
Q8CFU8	P56389	0
Q8BH79	P42232	0
Q9QZL9	Q80X44	0
P62897	D3YZP9	0
O70503	Q91ZR2	0
P08414	P60824	0
O70343	Q6IR34	0
Q05CL8	Q00899	0
Q9DCV7	P35802	0
Q3UDE2	Q61233	0
Q3UH99	P48379	0
Q8BMA3	P51450	0
Q61425	Q9Z1J1	0
P06804	Q91VL9	0
Q8C015	Q9D0T1	0
Q9JKN5	P70425	0
P15409	Q8K2R5	0
O89051	Q8BHX3	0
Q61090	Q8BGC0	0
P59016	Q8BLC3	0
B5TVM2	O88551	0
Q9QZJ6	Q62293	0
Q8K3B1	P97441	0
O35664	P13297	0
Q6ZWS8	Q80TL0	0
Q80UY1	P59110	0
Q8CJ26	P31938	0
Q9Z0F3	Q7TMK9	0
Q6PHN9	P97931	0
P25446	Q3U2S8	0
Q9D2C7	Q8BX10	0
Q99LG4	Q9WV60	0
Q8R480	Q9Z2Q6	0
P20917	Q9D275	0
P97367	Q9JLV1	0
P11344	Q99NA9	0
Q587J6	Q9CWY4	0
P15409	Q9JMI0	0
Q0VE82	Q8BG84	0
P05977	P27612	0
Q60676	Q3UFB2	0
Q9CR09	P04441	0
Q9QY76	P10630	0
Q80X66	Q8BK08	0
Q9CWR0	P25688	0
O88522	P62702	0
Q08501	Q91WZ8	0
Q91ZR2	Q9CZB0	0
Q9EQ51	D3YV10	0
Q9CQU3	P62077	0
P16015	P58043	0
P24270	Q8BTM9	0
P10085	P49138	0
Q08331	Q9DCC4	0
Q9CWW7	Q8CCE9	0
Q80ZD8	Q3U0V1	0
Q8K0S0	Q9Z1G3	0
Q9JMI0	Q8K2R5	0
P06837	P60335	0
P97480	P46097	0
P27661	Q8BIQ5	0
Q9DBY0	Q3UFB2	0
P70325	Q9JHU9	0
P61793	Q62419	0
O88551	Q9CQ71	0
P62309	P61161	0
Q62219	Q99LF4	0
Q7TND5	P97363	0
Q62521	Q9D0P8	0
Q9JI44	Q9D6F9	0
Q9D0I4	P35550	0
O35988	Q3UB74	0
P33610	Q9ER80	0
P07724	Q61983	0
Q9CQE0	Q80TS7	0
Q8CFN5	P24547	0
Q9D898	Q8C3Q5	0
Q9CYP7	P70371	0
Q61599	P26339	0
Q9Z2U0	P61164	0
P24788	Q921M7	0
P57716	Q0VE82	0
Q9ERK7	P10923	0
Q80XN0	P62254	0
Q8BV13	Q61656	0
P05533	Q9QYP6	0
P63024	P24860	0
Q99PM9	O89079	0
Q91WK0	Q00609	0
Q7TMM9	Q06219	0
Q9CWS1	Q8K371	0
Q9JJF2	O88653	0
O88712	Q9WVR4	0
Q8BH64	Q8K1S6	0
Q91ZR3	Q9QXL8	0
Q8JZN5	Q9JJW5	0
Q9CWD8	Q8BJF9	0
Q6WVG3	P30282	0
Q9CQX4	Q8BHX3	0
P34056	Q7TQF7	0
Q0PHV7	Q03157	0
P60762	O35143	0
Q91WG7	Q9D0P8	0
Q4KL25	O35490	0
Q9JKF6	Q80U70	0
P13379	Q9EQG9	0
Q9CVD2	O08582	0
P35585	Q60787	0
Q3UHB8	P97457	0
Q61817	E9QAF4	0
Q99N03	Q3UYC0	0
Q07813	P54843	0
O88487	Q9WTX6	0
Q91WG2	Q8CFU8	0
Q8C4V1	Q60870	0
P98192	Q9D7M1	0
Q8K0T0	Q9CQE3	0
Q9ESN4	P28649	0
P53996	Q9QZB9	0
O35657	P14142	0
Q07424	Q8VE09	0
Q62159	Q9QY66	0
Q61045	Q924C6	0
P48316	P20029	0
O55203	P07901	0
Q8K4K3	Q8R2K4	0
Q9JL25	P31230	0
Q9D6N5	P61963	0
Q62225	O54918	0
Q9D8I1	Q9CX66	0
Q9CQJ6	P26339	0
Q9D7V9	P14753	0
E0CZ16	Q923T9	0
Q3UB74	Q9JLQ0	0
Q80XI4	Q9DBS8	0
A2RSY6	Q8BST6	0
Q8C1D8	Q3U108	0
Q7TN29	Q61066	0
Q8VE38	Q8QZY9	0
P70280	Q9CR27	0
P84244	P70425	0
Q8CFU8	Q62311	0
Q9CQV6	Q6SJ95	0
Q9CQ49	P27048	0
O70311	Q9D495	0
O35344	O88951	0
Q9JJA9	P70404	0
Q91X45	Q8CDB0	0
Q8BFV2	Q9D0B8	0
P35363	Q6PDX6	0
O35127	Q8CFA1	0
P17183	Q9CXL3	0
P47911	Q9D6T0	0
P97369	P62869	0
Q9Z1K5	Q8BIY3	0
Q9ER88	O08573	0
O70591	Q8R550	0
Q61425	P30280	0
P61375	Q61205	0
O70250	P22727	0
Q9CPU7	Q69ZX8	0
P18406	Q8VHQ2	0
Q9ES18	P62274	0
P62743	P41047	0
P50096	Q07968	0
P70396	Q64010	0
Q99PJ2	Q60598	0
Q8C1R0	P40936	0
Q9Z2I8	Q99PU7	0
Q9D8I1	P29037	0
Q8BZF8	Q99J83	0
Q8K4Z2	Q8BGK2	0
Q8CF60	Q8K183	0
O88895	Q3UB74	0
Q9WTL8	Q8K221	0
P70257	Q76MZ3	0
Q922P9	P47878	0
P14685	Q03719	0
Q8CFA1	O08581	0
P29037	A2AMM0	0
Q99LB0	O09118	0
P35294	Q8K3M5	0
P04370	P04756	0
P11152	P47708	0
P22907	Q5SRX1	0
O54905	Q9CWE6	0
A0JNT9	P59708	0
Q8BGS1	Q8BHX3	0
E9Q1P8	P62274	0
P60898	Q9CQE7	0
Q8K2H1	Q99MX7	0
Q60596	Q9DBT5	0
Q8BSK8	P25118	0
O88665	Q99NB1	0
P05213	Q91YT7	0
Q9CQX8	P43006	0
P62869	Q9DBR0	0
P61027	P58043	0
P62900	Q3UMU9	0
Q80UU1	Q8R5C5	0
Q00286	Q8K273	0
P28229	Q9JJP2	0
O70273	Q8R4Z4	0
Q9Z266	Q8VIM0	0
Q9JM13	Q80X44	0
P09631	O54865	0
P70166	P11438	0
Q9JII6	P97369	0
Q9ET38	Q9QYA2	0
O08736	Q8VC34	0
P47915	Q61288	0
Q8CGP2	O88507	0
Q9CPR8	Q3TWF6	0
P62743	P62631	0
P04918	Q505D9	0
P43883	Q8C2K1	0
Q9QYR9	Q62443	0
Q9CR16	P62814	0
Q8C669	Q9DBJ1	0
Q9ERG2	O54790	0
Q3TXX3	Q9Z1P7	0
Q8VDG3	Q03157	0
P11404	D3Z3N4	0
P59279	Q61466	0
P02088	P56389	0
Q62151	P56818	0
P63085	Q9D518	0
D3YZI9	Q99MS8	0
Q9CZK6	Q921Q7	0
O35450	Q80X44	0
Q91VD8	Q9D495	0
Q08331	P62315	0
Q9QZM4	Q80ZI1	0
Q91YL7	Q9JHP7	0
P19785	Q3TWW8	0
Q9CQJ6	Q61599	0
P30051	Q61091	0
Q00493	P62908	0
Q9JII7	P97457	0
Q9CXJ4	Q9D0A3	0
Q9QZ09	O08791	0
Q9JIY5	O08579	0
Q8BWQ5	Q3UMR5	0
P0C0S6	Q8BXJ8	0
Q99PU7	Q9Z2X1	0
Q8BGU5	Q99N13	0
Q61098	Q3TLR7	0
Q9D753	Q99PT3	0
Q9Z2L7	Q61036	0
O88448	Q99JB2	0
P12367	Q9QZB9	0
P12367	P53996	0
Q9ERS2	P28357	0
Q9D2M8	O35437	0
P11930	Q9CPR1	0
D3YY91	Q80UY2	0
Q8K2T1	Q9ES74	0
Q8C180	Q62191	0
Q8CJ26	P39689	0
Q9CQE6	P10284	0
P62830	Q9JHC9	0
Q8K183	Q80WJ7	0
O35284	Q8K2R5	0
Q9QUM9	Q9D103	0
Q91Y86	Q8K0E1	0
Q8K3K8	Q8BG60	0
Q8VDS3	P17553	0
O88844	Q5SRY7	0
Q61151	P46097	0
Q6A028	Q922P9	0
Q9ERD8	Q9Z2X1	0
Q9Z1M0	Q60930	0
Q8K2H6	Q9QZB9	0
Q60715	Q641P0	0
Q920P5	Q9CRB2	0
P60853	Q8BSK8	0
P61082	O88983	0
Q9ERZ6	O35526	0
Q9D7K2	Q8VEB4	0
Q5D1E7	P62488	0
Q91YI1	Q9D4G9	0
P63328	Q8VI24	0
P61027	Q3TWW8	0
Q61263	Q9ERB0	0
Q9JHL1	Q9JMI0	0
Q9JIY7	Q62193	0
O88786	Q60837	0
Q9QUR7	Q61983	0
Q99ME9	P84096	0
Q2PFD7	Q91VM3	0
P47809	Q80X44	0
Q99JW2	P70315	0
Q9D892	O70404	0
P97825	Q01147	0
Q9Z0S2	P09528	0
Q2HJ10	Q9JLQ2	0
Q8BVL9	Q3UIK4	0
Q8BG81	P84096	0
Q9ES83	P34914	0
O70237	Q9D0P8	0
Q01339	Q64105	0
P62880	P43431	0
Q9Z2R9	Q80TS7	0
P63038	P39428	0
Q80WG7	O70443	0
P58242	O09044	0
Q8C437	Q9CX84	0
P07744	O08674	0
P27782	Q8BY71	0
Q8CHU3	Q9CQW0	0
P22518	P10922	0
P62889	O35449	0
Q8CF89	O55026	0
Q8CIW6	Q3SYK4	0
P80316	Q5EBH1	0
Q9CZA6	Q80VH0	0
Q8VCW4	O35137	0
O70250	P62889	0
P19123	Q8K0V4	0
P62204	Q8BGN3	0
Q9D2E2	Q61327	0
O55033	O08750	0
Q7TNC4	P62849	0
Q8K2X3	P26339	0
Q9JHL1	J3QMY9	0
Q9JL61	Q5SRX1	0
P09103	Q9QYE6	0
Q922I7	Q9JKB1	0
Q9Z1Q5	Q9Z0H7	0
P59941	P14131	0
Q9DBP5	Q793I8	0
P07147	Q8VEB2	0
Q91V61	Q8BVF2	0
Q80W99	P25976	0
Q8CAE9	Q9WTU6	0
Q8BM65	P54843	0
Q9D824	P63089	0
Q00612	Q62432	0
Q5NCP0	P49817	0
Q920A9	Q9QYS9	0
Q9Z206	P36898	0
P80313	Q99N57	0
Q00417	P50247	0
P63044	Q9ERL0	0
P20108	Q01339	0
P58463	Q9JK83	0
Q8BH06	O08608	0
P27773	Q99N13	0
Q9D8N0	Q9R1P3	0
Q8BH43	Q8CB87	0
E9Q3G0	P84096	0
P97302	Q9JMI0	0
Q80W47	Q60722	0
Q9QYE3	D3Z2R5	0
Q8BVY0	P52760	0
Q8R086	Q99LF4	0
O88531	Q05738	0
O08688	Q9D0N7	0
Q8R409	Q9CZR8	0
Q9CTY5	O35465	0
O35718	Q9Z1D7	0
Q91W39	Q9QXP7	0
Q60837	Q9R1Z7	0
Q9D8P7	Q62441	0
Q9CZG3	P48967	0
A2ARP9	O88513	0
P63082	Q9CPX6	0
Q3V1U8	P25233	0
Q9DB77	Q62277	0
Q6PE01	O35926	0
P22605	Q8BGK2	0
Q9QUN7	Q07646	0
Q9D752	O55131	0
Q9ESJ4	P33215	0
P51881	Q6P6N5	0
Q03141	Q9JKB1	0
Q61423	D3YZP9	0
Q60823	P83917	0
Q8C078	Q64345	0
O09130	Q8K2R5	0
Q61103	O35716	0
Q5HZI9	Q80Z96	0
Q9CXL3	Q8VIJ6	0
P18760	Q9JJW5	0
Q7TQF7	P51859	0
Q0PHV7	Q6PDX6	0
Q8K2H1	Q9R007	0
Q8R3R8	P10085	0
P30658	O08750	0
Q64279	Q9QXZ0	0
Q8C650	Q8K1I7	0
Q91X05	Q5F2C3	0
Q6PDM1	Q9EQP2	0
P97473	Q921R8	0
Q8BZ64	P51450	0
P61082	Q9EP69	0
P97390	P54369	0
O70250	Q9JL10	0
Q6P9R2	P17563	0
P84089	Q9D198	0
P35802	Q8BJQ4	0
Q8BMS1	Q61823	0
P41778	O08573	0
P13020	Q8BMF4	0
O08914	P35700	0
P03888	Q8CBY1	0
Q9Z0E3	Q7TNP2	0
Q9CXS4	Q80ZI1	0
Q9QYI7	Q9DBR4	0
Q91WA4	E9Q9K5	0
Q9Z1S5	Q9DBY0	0
O70237	Q62521	0
P22339	Q9JMI0	0
Q62440	P09671	0
Q08879	Q9D7V9	0
P15314	P48967	0
Q9Z0S9	O35286	0
Q9Z2D6	Q9QYM8	0
Q9WV95	Q8R0L9	0
Q6NS65	Q9CQ71	0
Q8BVN3	Q3UJK4	0
Q9CWF2	P47941	0
Q60664	Q9JMB1	0
P62855	P14234	0
B1AXD8	P61982	0
Q8VEK0	Q3UZB0	0
Q8BGN3	Q08189	0
Q8R349	O55179	0
Q9CQZ5	Q9CPS7	0
Q9Z206	P25801	0
Q8BJW6	Q9D495	0
O88935	Q9Z179	0
P63085	O08967	0
Q9DCJ1	P63216	0
P97454	E9PYJ0	0
Q8K1B8	P45952	0
Q922Y1	P26339	0
Q6PFY1	Q9D0M5	0
Q9QUI1	P21460	0
Q62422	O54984	0
P63038	P52592	0
P37242	O08750	0
Q01147	P19783	0
Q61656	P10518	0
Q9CZR8	P18653	0
P33896	Q9JI48	0
Q9Z0Y1	Q60787	0
Q9CR09	Q62425	0
P70353	P14148	0
Q91WM3	Q9D1L0	0
P26339	Q62210	0
Q8BVE3	Q3UUJ4	0
Q8BG89	Q8K0U3	0
Q9D8C4	Q80X44	0
Q8CI15	Q810S1	0
Q8BRE0	Q61474	0
Q9QYA2	Q91VL8	0
P05480	P62835	0
P35582	O35972	0
Q9DAW6	Q4VAA7	0
Q9Z0H7	Q60960	0
Q3U4B1	Q60793	0
Q8K209	Q5SXI5	0
Q8K3Y3	O88271	0
Q63844	Q8BVF2	0
Q91WD9	Q9JI44	0
Q3TDK6	P06745	0
Q6Y5D8	Q9CQU3	0
Q64434	Q60769	0
P46638	P84096	0
Q61235	Q3UKJ7	0
P86048	O08967	0
Q9Z1D9	Q6PFR5	0
P08730	Q99N13	0
Q69Z99	Q9WUV0	0
Q5HZK1	O89086	0
Q80UU1	Q99P31	0
Q9QYB5	Q62225	0
Q60780	Q62426	0
Q8K2T8	Q8VE47	0
P35282	O54905	0
O70194	Q8VCY8	0
Q3V1U8	Q9D1K4	0
Q3U1J1	P61226	0
Q3UGC7	Q9JLC6	0
Q6Y5D8	P28658	0
Q8CHU3	Q9D6W8	0
Q8K479	Q8K4M5	0
Q62392	P09021	0
Q9QUG3	Q8VE09	0
P49718	Q99MW3	0
Q8BUV6	O88952	0
P52503	Q80ZI6	0
Q8BKT7	P97318	0
Q9CQC7	Q91ZJ5	0
Q9Z205	Q60803	0
Q8BID6	O70433	0
Q8CE64	Q62376	0
Q3UU41	Q921J2	0
Q9CPV0	P51660	0
Q9QXJ1	Q9JKB3	0
Q8BG05	Q9WV06	0
Q9Z266	Q9CQS4	0
P10417	Q9CXV9	0
P28700	Q60823	0
Q3V1U8	O88653	0
Q9WUC3	P97318	0
Q61701	P28229	0
P30416	Q91VI7	0
P60191	Q9WU01	0
P17012	Q8BX10	0
P35803	Q9CZW5	0
Q80YV2	Q9CZT6	0
Q8VEJ9	Q61164	0
O70421	Q05738	0
Q9CYR0	Q8VC34	0
P62311	P43274	0
Q61127	Q9ER69	0
Q99N69	Q9Z2K1	0
Q8CHT0	Q8K0S0	0
Q9R144	Q9DC53	0
Q8R464	Q60778	0
Q01338	P63073	0
Q60825	Q8BN78	0
Q8CAE3	Q03141	0
Q9CQS9	Q9D2R6	0
P16381	P61969	0
Q8CE90	P52194	0
Q8CBY1	Q9JJY3	0
Q9WTX5	E9QAF4	0
P62242	Q9Z1D7	0
O35984	Q9R0N8	0
Q04863	Q9EQX4	0
P16045	Q99KP6	0
Q5EE38	Q9DC51	0
Q64221	O70161	0
Q9DCT6	Q8BIJ7	0
P70694	Q9CQA3	0
O35887	Q8C1Z7	0
Q8VEJ1	Q9QZL0	0
Q1EHW4	P24270	0
P47941	Q9QXV3	0
Q9DCL8	Q8BML9	0
Q9D902	P58404	0
Q8R326	Q8K371	0
Q587J6	O55242	0
Q91VN1	Q91VD8	0
P39429	P58463	0
Q8CI32	O08688	0
P12970	Q64442	0
Q64378	Q9D0S9	0
Q7TNS5	P28229	0
B2RSH2	Q7TSZ8	0
O88574	Q06890	0
P63157	P32443	0
O35682	Q6P9S0	0
P43404	Q60870	0
Q9D0P8	Q91X96	0
Q8C3P7	O35609	0
Q9JM05	P21107	0
P28798	Q91ZA8	0
Q7TSG5	Q78S06	0
B2RWJ3	Q9Z0P7	0
Q8VDU5	P53690	0
P06537	Q80UU9	0
Q9WUU6	Q91VA7	0
P61014	O08537	0
Q8CAA7	Q9CVB6	0
Q60972	P70255	0
P51912	Q9DAI4	0
Q8BH66	P50586	0
O88576	Q8K1R3	0
Q9CPV4	Q8VD76	0
Q91VJ5	Q0VE82	0
P97351	Q91X51	0
B2RSH2	Q9Z0S3	0
A2ARP9	P28656	0
Q9WVG9	Q8C1D8	0
Q3U0V1	Q99KP6	0
Q0PHV7	P35363	0
Q9D6K5	P28359	0
P29788	O88898	0
Q80TF4	Q80ZI1	0
Q8BMK0	Q8R3C0	0
Q9Z2C5	Q7TQE6	0
Q9D1H7	Q8C726	0
Q8BWT1	P30558	0
Q8C3I8	Q3UC65	0
Q5SV77	Q9QYB1	0
O35295	Q9EQN3	0
O88786	Q8K0E1	0
Q5RL51	Q6WKZ7	0
P19426	Q8BG73	0
Q99M15	Q9WV19	0
P15392	Q9WUI0	0
P70188	Q5EBH1	0
P62869	P10922	0
E9Q3T6	Q5SXI5	0
O88291	P22315	0
Q9CQS4	O35988	0
P61255	Q61474	0
Q9D6R2	Q6PFR5	0
Q61098	Q61500	0
Q3TC33	Q80YV4	0
D3YUJ3	Q8CF89	0
Q91X20	Q8CGU1	0
Q9CXW2	P35561	0
Q99JY3	E9Q9K5	0
O70263	Q60925	0
Q9CZT6	Q9WTX5	0
P62242	P60762	0
P57784	Q8BJU0	0
P53566	Q8R5J9	0
Q9R0N3	Q9CQD0	0
Q7TMK6	Q8C163	0
Q6NSQ7	Q8BGY9	0
P28033	P10923	0
P50446	Q9CZC8	0
P70195	Q8C0P5	0
Q9WVH9	Q8BKJ9	0
Q02013	Q91WA6	0
P08207	Q6P9R2	0
Q8VHL1	O54917	0
Q64332	O70161	0
Q8VDV8	Q3SYK4	0
A2APB8	P62874	0
D3YZI9	Q9Z2W1	0
O08740	Q3V1L4	0
P51859	Q9CZB0	0
P47877	P63015	0
Q9Z265	Q6PGB6	0
O08688	P27048	0
P51943	P70217	0
Q9R1P4	Q9JHG6	0
P62075	Q8R2X8	0
D3YVF0	Q80ZI1	0
Q8VIJ6	P51660	0
P39688	Q99M51	0
Q922M3	Q8BVL9	0
Q99KH8	O88951	0
Q8CHT1	Q8BUK6	0
Q7TQ95	P50518	0
Q9WTV7	P15307	0
O35717	Q8K3Y3	0
Q8K2Q2	Q8BX09	0
P52189	Q9DCA5	0
Q8K2C6	P63143	0
P51865	Q9D8P7	0
Q925I1	Q9DB34	0
P28741	P97458	0
P32300	Q9D8N1	0
Q6DFW0	O89090	0
P15806	Q9ERI2	0
Q5SS91	Q9JL25	0
P01101	Q9CVB6	0
O08605	Q9CQ75	0
Q9D8X2	Q7M6Y3	0
O08749	Q60769	0
Q9R049	O88983	0
Q9WUV0	Q8BVY0	0
O09167	Q9JHR9	0
P09450	P47811	0
Q9WTJ4	Q02819	0
Q61039	P62305	0
P35282	Q9CZX2	0
P39749	Q60876	0
P53776	Q8BKX1	0
P40936	Q03958	0
P22518	P62869	0
Q8BH75	Q62441	0
Q8C3I8	Q6P6I6	0
P26041	Q9WUV0	0
O54927	Q01338	0
Q8K480	Q9QYB1	0
Q9CQL7	P63318	0
P97489	P97368	0
P39428	P52592	0
P70441	Q9Z1D7	0
Q8CI32	Q9D0N7	0
Q8CGA0	O88895	0
Q7TNV0	O08970	0
P43276	P48453	0
Q91VZ6	P17563	0
Q9WUM5	P62254	0
P70257	Q9QUM4	0
P47713	Q9QUG3	0
Q60960	P50136	0
P55194	P84096	0
Q8BGW0	O35343	0
O70583	O35137	0
Q8BVE3	P33611	0
Q9JIA1	Q8BV16	0
O54790	P05017	0
O70469	P23798	0
Q64368	O35295	0
Q8CIV2	Q9D6N5	0
Q9Z223	Q5NCC3	0
Q3TSG4	Q8CFI2	0
P46660	P47941	0
P23708	P43432	0
P97302	Q8K2R5	0
Q8R105	Q8VEB4	0
P54987	Q9CWS1	0
A2A259	Q923D5	0
P97298	Q80X44	0
Q9CR68	P63271	0
O54927	P63073	0
Q78PG9	P70271	0
P39429	Q9JK83	0
Q8BFV2	Q91X51	0
Q6PEB6	Q60769	0
Q69ZT9	Q9D3X9	0
P70458	Q61751	0
Q64213	Q80ZM5	0
Q8R366	Q3U0V1	0
Q9Z2G6	Q8VHK5	0
P70296	Q61166	0
O88291	Q9WUM3	0
P0CG49	Q8R023	0
Q3UTZ3	P97872	0
Q80YV2	Q9WTX5	0
Q99LQ1	Q9EP69	0
P63072	O08739	0
P49769	Q9D0D5	0
Q80YN3	O35626	0
Q5NCC3	P26339	0
Q9QZ08	Q7TMM8	0
P32067	Q9D1G3	0
O35887	Q9QZS2	0
P15375	P40764	0
Q61214	Q99LL5	0
Q8CG71	Q8R4E9	0
Q9ESB3	E9Q9K5	0
P61219	Q8VHJ5	0
P35980	P00397	0
Q924S8	Q9DAA6	0
Q8CAV0	Q8CCK0	0
P17183	P51660	0
Q9WU00	Q91WA3	0
Q8BG51	Q80XC2	0
Q99K01	Q8JZX3	0
Q8R2K4	P07214	0
Q9CQ00	Q7TQI3	0
Q9QXX8	P0CG50	0
Q9CTY5	Q9ET80	0
E9PV24	Q80X44	0
Q9JJY3	Q8K297	0
Q9D518	Q91X43	0
Q9WUC3	P63158	0
O88665	Q08943	0
Q80Z64	P83917	0
O88803	O88342	0
Q9CSU0	Q9DBZ5	0
Q9CPV0	P17183	0
P30051	P60762	0
Q9D6S9	P54369	0
Q9D0M1	O54905	0
Q9CQ20	O08807	0
Q924M5	Q9D0F1	0
Q9CZ44	Q6PAK3	0
P62962	Q8R3Y8	0
P03911	P20067	0
P13297	Q9D495	0
P30416	O70494	0
Q9CWU2	O08915	0
P27005	Q9D2E2	0
Q8CE64	Q64705	0
P70122	Q99JG7	0
E9PV24	P84096	0
P16858	Q921D4	0
Q921E6	Q80XI4	0
Q8CAQ8	Q6PHQ8	0
E9Q7L6	P31001	0
Q9Z2C8	Q9DAN6	0
P67871	P97431	0
P06804	P62315	0
P68510	O35465	0
O35344	Q60772	0
Q61553	Q80X44	0
O54983	Q80VJ8	0
Q64008	Q9ET43	0
P62830	P31001	0
O35129	Q8R0N6	0
O54992	Q0VG62	0
P08152	Q8R0S4	0
Q8K4K2	P09631	0
Q9QY76	Q8VDQ8	0
Q8BLR7	P63154	0
Q9CXW3	Q80V81	0
Q9CZT4	P97379	0
Q80UU9	Q9D6S7	0
Q80Z96	P97334	0
Q3TIY5	Q8BJY1	0
Q9QXK9	P80317	0
P99024	P52430	0
Q9WV80	O88559	0
Q9WUR2	P60710	0
Q9D832	P08551	0
Q9WTP9	Q8K4M5	0
Q07231	Q8BH58	0
Q61180	Q5XJY5	0
Q9CXJ4	Q9R207	0
P70210	Q8CDJ3	0
P42932	P06797	0
Q99LS3	P57776	0
O35066	P49615	0
P50096	P56391	0
Q8C996	P35582	0
Q91WA6	Q61735	0
P34902	Q9JI33	0
Q9CZU6	Q3TRR0	0
Q61151	Q9R1E0	0
O70503	Q810S1	0
P22361	G3X904	0
P26928	Q8JZU2	0
P02535	Q99LE1	0
Q00898	P28653	0
Q9JHJ3	Q9CR26	0
P31266	P70271	0
P15331	Q62011	0
Q6NS82	Q9Z206	0
P01731	P51860	0
P97769	Q9QY80	0
Q80U70	P62915	0
Q91VN1	Q8VEE4	0
Q9D1E6	Q6ZWU9	0
Q9Z0P7	Q9WVB3	0
Q02395	P97431	0
P31310	P42228	0
Q8BG60	Q9D6I7	0
Q9CYA6	Q8BY71	0
O35984	Q8VE65	0
O70571	Q06348	0
Q8BTM9	P16872	0
Q2YFS3	P03888	0
Q9WUI1	Q9QXV8	0
O54784	O54928	0
Q8K443	Q78PG9	0
Q8BMK0	Q8BP71	0
P63330	Q8VBT1	0
Q8BGT0	E9Q7L6	0
Q571G4	Q04859	0
P47242	P70255	0
P22893	Q9Z1F9	0
Q9Z0E6	Q6P6N5	0
Q61205	Q64261	0
Q9DD18	O54905	0
P46061	Q9D7X3	0
P62881	P23949	0
Q924K1	O88952	0
Q9JJG5	Q8VIM0	0
Q8C3I8	Q8BVF7	0
Q3TIX9	P61358	0
Q8K1M6	P24547	0
Q5RJY2	Q8VI24	0
Q3TTY5	P63013	0
O54941	P10107	0
Q61585	P84075	0
Q6PGG6	Q8BK67	0
O70433	Q9QXL8	0
Q7TNS8	Q61508	0
Q9QUJ0	Q9JKB1	0
P54369	Q62419	0
Q8C854	Q8BGH2	0
O54724	Q9D289	0
Q9JIG7	P84089	0
Q8BKX1	Q91WM3	0
Q9R099	Q9R171	0
Q9Z2R9	Q9JI71	0
O35309	P25976	0
Q62406	Q9CQ65	0
P26450	P25976	0
Q9WU01	Q9CZJ2	0
Q80UK0	Q8BLR9	0
P48787	P52430	0
P67871	P62918	0
Q80UY1	Q14C51	0
Q9CR67	Q8BGJ9	0
O54786	P52293	0
O55026	Q9R207	0
Q9JIB0	Q6K1E7	0
P68254	Q8K194	0
Q9JI19	P25119	0
P46467	Q9Z1D7	0
Q8BML9	Q06986	0
Q80UF7	O70433	0
Q9WVI9	P62270	0
Q9DCC8	Q8CH72	0
Q61696	Q61169	0
Q9CYX7	Q63934	0
Q7TND5	P23953	0
Q9CW46	Q99K95	0
P25425	Q8BI72	0
Q8VDZ4	P54843	0
Q8BIL5	Q9D495	0
Q61820	Q9QUR7	0
O35627	Q921J2	0
Q8C7U1	Q91VL8	0
Q9CR57	P27573	0
O55229	P01101	0
P97346	P68040	0
Q9Z2H2	Q8JZU2	0
Q64378	Q91YQ3	0
Q7TN02	Q91X91	0
Q08639	Q9Z101	0
O54950	Q6PD29	0
Q8BPU7	Q60960	0
Q8CFV9	Q8BML9	0
Q8R034	P06151	0
Q2YFS2	Q76MZ3	0
Q9QZH6	Q8BGK2	0
Q3UTH8	P15375	0
Q9QY76	Q8C0C7	0
Q8K297	Q9CR26	0
Q8C854	P30306	0
Q9DBG6	Q9D8X1	0
O08580	P40142	0
Q9WVE0	Q9QYE6	0
O55023	Q9D495	0
Q64288	Q9JM13	0
Q8C008	P41133	0
Q99NE9	O08583	0
Q9D0B1	Q9Z2I2	0
Q60954	P28359	0
Q9CW79	Q80TL0	0
Q64279	Q9CQE8	0
Q8BMZ5	Q8CCE9	0
E9PUA5	Q9WVI9	0
Q9DC26	Q99J85	0
P47962	Q61624	0
Q9Z1D9	Q9Z2H2	0
Q9D7W5	Q61845	0
P20108	P17679	0
Q9R210	Q2MHE5	0
Q8QZY1	P10085	0
Q9CZ28	O35618	0
P62900	P84244	0
O54916	Q80W88	0
Q7TQE6	Q8BHL5	0
Q91WK2	P68181	0
Q9D7M8	P56198	0
Q920P5	Q8R5C5	0
Q8R2Y3	Q9Z1Y4	0
P62835	Q3U1F9	0
P63260	Q7M6Y3	0
Q9JKM7	Q9Z2V4	0
P62320	Q9D9Z1	0
Q9Z0Y1	Q9D2R6	0
O08915	Q9D6X5	0
Q64332	Q64221	0
P29699	Q9CQJ4	0
Q60930	Q9CQC6	0
Q505F1	Q60692	0
Q9ESJ4	O54928	0
Q925E7	Q91YS8	0
O88967	P62334	0
Q9JJF3	P84096	0
Q3TC93	Q6P7W2	0
P50404	Q9D187	0
P32211	P48320	0
P51655	Q8VE91	0
O55022	Q9D0F3	0
P32114	Q9CQZ6	0
Q62132	P26645	0
Q8BWG8	P97302	0
E9PYJ0	P56873	0
Q9R002	Q9QUI0	0
P53566	Q04863	0
Q64521	Q8JZL0	0
P34902	Q8K5B8	0
P29037	P70423	0
Q8CIG8	Q6ZQE4	0
Q61792	Q60898	0
Q8BG51	Q91V27	0
Q9CR27	P62984	0
P51141	Q91X20	0
Q8C5S7	Q5F2C3	0
P70444	P15864	0
O89114	A2A5Z6	0
P62835	Q9Z0P7	0
Q9R1T2	Q2YDW7	0
P47964	A2AMM0	0
Q64253	P49138	0
Q9CWF2	Q8BIW1	0
Q9WTV7	Q8C1D8	0
Q61909	Q9ET43	0
Q45KJ6	Q69Z99	0
O89079	Q9D8B3	0
Q9D706	Q04863	0
P63006	O55013	0
P59325	Q8VEE1	0
P56818	Q06507	0
B8JJ69	Q05CL8	0
Q9ERI2	P10751	0
Q3TMW1	Q80UU9	0
P35505	Q8BWS5	0
Q9Z1J1	P30280	0
E9QAG8	Q99LD9	0
P62960	Q8CDJ3	0
Q8K268	Q6P1B1	0
Q62440	Q9CZ82	0
Q9WTX6	Q9Z2C4	0
P35585	Q9D2R6	0
Q9JJN0	Q9D495	0
Q8K2Q2	P23506	0
P04247	Q9Z2C8	0
P62754	Q8BHA0	0
Q6PD26	Q8K2H6	0
Q99MP8	O35207	0
Q9D9Z1	Q99N13	0
Q9R0M6	Q9D903	0
Q8BGY9	Q9WUM3	0
Q640L3	Q64442	0
Q9QYC0	Q9CWE6	0
Q8BVF7	Q6P6I6	0
Q9WV19	Q3UHB8	0
P15535	P62715	0
Q9D486	P50615	0
P63085	Q9JKX8	0
Q9WV34	Q5SXI5	0
Q8R0F8	P12815	0
Q9ERS5	Q91X05	0
P55098	P35582	0
Q9CXP4	Q04859	0
O88811	Q91X43	0
Q9ERG0	O88983	0
Q9CYN2	O55126	0
Q9D3J5	Q9Z104	0
Q8BFV2	P62827	0
Q3TIV5	Q8CI08	0
Q9DCX2	Q60809	0
Q63844	Q8K4Z5	0
P62482	Q5SSM3	0
Q9QWK4	Q3U2S8	0
P47941	Q61820	0
P62309	Q69Z99	0
Q8CHH9	P70315	0
Q8C5R8	Q80W88	0
Q6IRT3	Q64433	0
Q9QXD8	Q8C0P5	0
Q8BTZ4	Q6ZWN5	0
Q8K396	Q91VJ2	0
Q99NB8	P49138	0
Q7M6Y3	Q60769	0
Q91VY9	Q922Y0	0
Q8CBC4	D3YZP9	0
P57759	Q9CY00	0
Q03963	Q8C5R8	0
Q8C167	P27600	0
Q03358	Q03958	0
P70340	Q99JR1	0
P28663	P17918	0
P52623	Q91VR8	0
P46096	E9QAF4	0
Q921X6	Q8K4F6	0
Q9WUC3	Q8BKT7	0
O35864	P33215	0
Q08624	P07759	0
Q9QZ28	Q3U0V1	0
Q9CY25	Q64355	0
Q9CYZ2	P04247	0
Q9JLV5	P08551	0
Q99MQ4	O88447	0
Q9R1Q8	Q9ESS0	0
P70660	P97376	0
P05213	P30306	0
P45376	Q9JKB1	0
Q9D738	Q6ZWZ2	0
Q8K443	P70271	0
Q60649	P63271	0
Q9CQE0	O88447	0
Q8BMF3	O35393	0
Q80ZW2	Q61127	0
Q9Z268	Q7TMF3	0
P97326	Q3UV55	0
P51682	Q5XJY4	0
Q64521	O35129	0
Q62074	O35207	0
P52800	Q9Z179	0
P53690	Q9R1P3	0
P00860	Q8CFZ4	0
P10107	Q8K3M5	0
Q3TJZ6	Q64131	0
Q9Z0X1	Q8VBT0	0
P97492	Q6Y685	0
Q8BQ46	P83917	0
Q8VEM8	P29351	0
P56565	Q91ZD6	0
P55821	P17751	0
Q61743	P14869	0
Q9DB77	Q62420	0
Q00609	Q9QXE7	0
Q9WUH2	O54910	0
Q3UA37	P61979	0
P04627	Q8BH58	0
O08537	P0CG49	0
Q9CZT8	P23798	0
Q8CI95	Q99K95	0
P17183	P18828	0
Q9DB05	Q9CZQ9	0
Q99LX0	P22646	0
O88602	Q8BFV2	0
P17919	Q64261	0
Q9Z2W1	Q99MS8	0
Q6F5E0	Q05738	0
P63028	Q9EP73	0
Q60857	Q80T69	0
Q61081	Q62311	0
Q7TMM9	Q9Z1Y4	0
Q9DCV7	P63216	0
Q91XC0	Q9Z1Z2	0
Q9CRA8	Q9JII7	0
Q923G2	Q60795	0
Q9WVH9	Q3UJU9	0
Q60837	Q8K0E1	0
Q6PCP5	P61092	0
P59913	P52482	0
Q3TLR7	Q61500	0
Q9D6E4	Q9D172	0
Q9JIG4	Q9ERK7	0
O88844	Q80VI1	0
Q8K4F6	P07214	0
Q6PD26	P53996	0
P11672	P58389	0
Q99JI6	Q9EP69	0
Q61069	Q9D903	0
Q8C156	Q9D0F1	0
Q3UZZ4	Q9D6X5	0
Q8BGT1	Q93092	0
P68372	P40338	0
Q8K1R3	P97873	0
P03893	P41105	0
Q9D0A3	Q9R207	0
Q3TWF6	P28359	0
O88507	Q5DU02	0
P42209	Q8CDB0	0
Q05816	Q00288	0
Q9DCM2	O35717	0
O70263	P04756	0
Q8R060	Q922I7	0
Q63918	Q8R0S4	0
Q8R574	P53762	0
Q62191	Q8BNN1	0
Q8VE28	P0CG50	0
Q8R191	P14094	0
Q9QUR8	Q01721	0
P22518	Q91ZR3	0
Q9JLC3	Q8QZY6	0
Q9DBS2	P39749	0
P80313	Q61288	0
P32020	Q9ES46	0
Q78PG9	O35639	0
Q5FWK3	P26040	0
Q8VE97	Q9D5A0	0
Q9CQ85	Q9DBY1	0
Q9JIA7	Q9CQ69	0
O54836	Q9JJF2	0
E9Q5G7	P98084	0
P84078	P51682	0
Q9JJZ2	Q9DBY0	0
Q7TQD2	Q3UMG5	0
O54828	Q922B2	0
Q8C0D7	P58242	0
Q9D2V5	Q99KJ8	0
Q9R194	Q9JM93	0
P70429	Q80XC2	0
Q3THJ3	P35922	0
P97742	Q9D6X5	0
Q9WTX2	O35253	0
Q9R109	Q06986	0
P23708	O89090	0
Q9D8F3	P63017	0
P10628	Q9QZK7	0
Q8C854	Q91YT7	0
Q8BG99	Q8BGF3	0
Q9CQU1	O55135	0
Q8BHN1	P06797	0
P13346	Q8BMJ3	0
Q62276	Q9CQL1	0
P97471	Q9WVK0	0
Q9R1T4	Q9CWE6	0
O35627	Q9DBY0	0
Q9ERD7	Q8VE42	0
E9Q6B2	Q9CPV1	0
Q9CPV4	Q9D051	0
P35710	Q5FWK3	0
Q2TBE6	Q99JY0	0
Q8CB77	P97441	0
Q9WVC3	Q05512	0
Q920D3	O35386	0
O35730	Q8K0U3	0
P70333	Q9EQN3	0
Q9CQ21	Q9DAA6	0
Q8BK64	P11499	0
Q80YV2	P35583	0
Q9JIB0	P30558	0
Q8BU85	Q8BHX3	0
P26952	Q3UBX0	0
P11680	Q91ZA8	0
Q80TL0	Q3UXZ6	0
Q8BFV2	P97351	0
P97767	Q9DB50	0
Q9ER75	Q9CWE6	0
P35347	Q3V096	0
Q9DAN6	Q9D883	0
P59017	P31230	0
P20293	Q3TJZ6	0
O88888	Q8K124	0
P54731	Q9D0K0	0
P24472	Q38HM4	0
Q587J6	Q9D6X5	0
P61014	P0CG49	0
P09023	P12979	0
P17156	P29595	0
E9Q5G7	Q99LB0	0
O55047	P04104	0
Q9JLB9	P14753	0
Q9DCX1	Q9WUI1	0
Q64705	P28653	0
Q9CR57	P07310	0
P29595	Q8R0W1	0
O35445	Q921G7	0
Q9R224	O54928	0
Q8BV13	P10518	0
Q8BHA1	P61458	0
Q61084	O70374	0
Q3UL36	Q9WVK4	0
Q91ZR2	P51859	0
Q9D593	Q9CQ80	0
Q9DCD6	P97438	0
Q8BU11	Q8QZY9	0
Q9ER00	Q9R0Q6	0
Q9D1H9	Q9WUA3	0
Q9DCM2	Q8K3Y3	0
P01139	O08740	0
Q60664	Q62225	0
Q8R138	Q9WUU8	0
Q91WA3	Q8K129	0
P54823	Q9D0F3	0
Q9CY50	Q9JKP7	0
P43404	Q9EQW6	0
Q9WTM5	Q62293	0
Q9R111	Q9CR26	0
O08553	Q9D8Q6	0
Q8C8N2	P25688	0
O89050	Q9QZ08	0
Q61036	Q9CQ19	0
Q61176	P70671	0
P31001	Q9JHC9	0
Q60676	Q9DBY0	0
Q03719	P54731	0
Q8K4B0	O35114	0
Q99NH8	Q9WUP7	0
Q8R409	P18653	0
O89051	Q8BU85	0
Q923T9	Q01339	0
P62900	Q9JKN5	0
O88477	O54714	0
Q8VEF1	O88998	0
P19221	Q01405	0
Q9CWH4	Q8VHI4	0
Q8BNY6	P61216	0
P97855	Q9WVA4	0
Q8BSY0	Q9Z2U1	0
Q8R3Z5	Q62167	0
Q61103	Q8R034	0
P35292	Q9Z2F6	0
Q8VI67	Q99N13	0
Q3TIR3	P97801	0
Q07230	Q9D8B3	0
Q8VHW2	Q99J39	0
P06745	Q8BP92	0
Q3UIZ8	Q80Z96	0
Q9CPN9	P47876	0
Q9R0E1	Q93092	0
Q9CY25	Q9WUV0	0
P31266	O35639	0
P59708	Q99N20	0
Q91VR8	P14148	0
Q99MK9	Q62441	0
Q8VC66	Q9DBS5	0
P68433	Q91ZJ5	0
Q5EBH1	Q91WC1	0
Q7TMK6	Q9ES28	0
P10649	Q9CR27	0
Q61176	Q62231	0
P27601	Q9CQQ8	0
Q9WV34	P28357	0
Q9QYE3	P00342	0
Q9D6J1	Q8BNV8	0
Q99L43	Q9JJF2	0
Q8BGD6	Q9D8V7	0
O54788	O08791	0
P29387	Q06831	0
Q9QXX8	Q9JIB4	0
P35242	Q60936	0
Q61823	Q7TPD6	0
Q9CQW0	Q9D8T3	0
Q8BT14	Q9JKC8	0
Q07813	Q91ZR2	0
Q9CQI9	Q8JZS0	0
Q9D1D4	Q9JKY0	0
Q9JHU9	P97797	0
P29391	Q99KN2	0
Q9QYI7	Q8CHU3	0
Q8BHA0	Q9JMC3	0
Q9D6M3	P10166	0
Q9CQ80	Q80WM4	0
Q5HZK1	Q08857	0
P56581	O35284	0
Q03141	Q9D0P8	0
Q8CFD5	P62492	0
Q9EP69	O88983	0
P0DPB4	Q60989	0
P50207	Q9QUP5	0
Q3UIZ8	P97334	0
Q8JZX3	Q60787	0
Q91X45	Q9D3R3	0
Q9CZQ9	Q9CQJ6	0
P97379	Q9DBT5	0
O70480	O35127	0
Q00899	Q9D6X5	0
P61375	P17919	0
Q8C8M1	Q8VCD5	0
O88653	P25233	0
Q3THK3	Q8K4M5	0
Q8C0M9	P36916	0
Q8VC34	Q63943	0
Q63844	Q91V61	0
Q3TCH7	Q61660	0
Q62227	Q9WV19	0
Q01147	O70250	0
Q99JP4	Q02105	0
Q3TWF6	P84096	0
Q9JK42	P52795	0
Q9JK42	Q02111	0
P50516	P53026	0
Q5F2E7	Q7TMM8	0
Q8BHJ5	Q8BG39	0
Q8VCZ3	P60761	0
Q9D7K2	Q9DCC8	0
P56959	Q5SS91	0
O89112	Q8BX09	0
Q9JHR9	Q61701	0
Q3UGC7	Q9CYT6	0
Q80SS5	Q9JKM7	0
Q9CWI3	Q99MH6	0
Q9Z2U0	Q62193	0
P51655	P80316	0
P61219	P51141	0
Q9Z1Q5	Q641P0	0
Q9DB70	P62073	0
Q91V57	Q8R1M2	0
O54781	O35261	0
Q9Z2Z6	Q3ULL6	0
Q9WVS7	Q64705	0
Q9DBG5	Q5SSM3	0
Q91VD9	P63276	0
Q9QY14	P27600	0
P62301	Q8VC56	0
P50652	P20263	0
Q9CPQ1	Q60925	0
Q3UHD6	O35295	0
P08752	Q2VPD4	0
Q06219	Q9Z1Y4	0
Q8N7N6	P84096	0
Q9D7F7	Q99PT3	0
Q7TNG5	Q6VN19	0
Q91V79	Q9CWY4	0
E9QAG8	Q99JP7	0
P35700	P60191	0
P24668	Q9CQE7	0
Q61003	Q9R1P3	0
Q8C0J2	Q9D0F1	0
Q9JII6	Q5XJY4	0
Q9CXM0	Q9JIF0	0
Q8BGS1	Q80X73	0
Q99LH1	Q5U3K5	0
P55258	Q8BQ46	0
P60334	Q80YN3	0
P63276	P70191	0
Q8BHN0	Q8CHU3	0
O35160	Q8CHQ0	0
Q60865	Q3UPP8	0
Q62232	Q3UIK4	0
Q99L43	P25233	0
P24456	Q03958	0
O54949	P28047	0
Q9D1B9	Q9WVC8	0
Q8BH44	Q62432	0
Q9CR14	Q9CQH3	0
Q9DAI4	Q9D8C6	0
Q9QYE6	P97376	0
P62141	Q3TC33	0
Q9CQZ0	Q9EP69	0
Q9CQK7	P70315	0
Q8BGS3	Q91X58	0
Q923S9	Q9EQ20	0
Q8VEK6	P26339	0
Q9JJG5	Q923T9	0
Q8BGK2	Q5U3K5	0
Q61263	P14152	0
P48025	Q80X44	0
P62264	Q9D7G4	0
Q149F3	P97376	0
Q6NZR2	Q60854	0
Q61501	Q5EBH1	0
P48432	P70166	0
Q9CR42	Q8QZY9	0
Q8BHK0	P23953	0
Q91VM5	Q9QY53	0
P70326	Q9R1Z8	0
Q9EPX5	Q9DBT5	0
Q52KE7	P70315	0
Q8BHA0	O08856	0
P97480	P36895	0
P61021	Q9CQ75	0
O54833	Q00288	0
Q99ME9	Q80X44	0
O35942	Q9EQF6	0
Q9R002	Q00547	0
Q64221	P0DPB4	0
Q9Z1D9	Q8JZU2	0
Q91VR8	P70353	0
P70210	Q9DBH5	0
P60122	O35137	0
Q9DBC7	Q9Z2L7	0
Q6A0A2	Q9R171	0
Q8VCG9	Q02105	0
O08992	Q5U3K5	0
O08688	Q9CQ49	0
Q9JLV6	Q9QYJ3	0
P84091	Q91VI7	0
P24526	Q3TWW8	0
Q8CCI5	Q9R0X0	0
Q9Z204	Q8R2H9	0
Q3TZX8	Q8BGJ9	0
Q9CTY5	P68510	0
Q04207	Q8R349	0
P59279	A0A0U1RPC4	0
Q02650	Q61572	0
P50096	Q9JJA9	0
P62315	Q99LF4	0
Q60925	Q62264	0
Q06985	O88544	0
Q8R5A0	Q9JMA1	0
P10630	Q8C0C7	0
P63087	Q9D0S9	0
P60229	Q8K2C9	0
P62627	Q8BHK6	0
P84228	Q8BHA1	0
Q91WG2	D3YY91	0
P11499	Q9QVP4	0
Q99JI4	Q8CAM5	0
P41969	Q9CYZ8	0
Q9D8Q6	P97379	0
Q61233	Q9CPU0	0
P25976	Q9WUQ2	0
P97377	P29452	0
P97855	O70137	0
P61205	Q9D0C1	0
Q61411	O88983	0
P97469	Q925I1	0
Q99J83	Q3UH99	0
Q9Z1B5	Q5SXI5	0
P50172	P70270	0
Q91WN1	Q8K0E8	0
P62717	Q8VEE4	0
Q9JJN0	P07091	0
O55042	Q9D8Z6	0
Q3TDK6	Q8BP92	0
P70333	O35295	0
P68254	Q01721	0
P49817	Q8VE91	0
P43274	Q9EQW6	0
Q80X72	P49446	0
Q8CDN6	P47880	0
Q8BTW8	Q08857	0
P28656	O88513	0
P21729	Q9WVH4	0
Q9EPJ9	P22893	0
Q7TND5	Q9CWE6	0
P28867	O88712	0
Q61362	P63005	0
Q8BWS5	P70288	0
Q91X51	O35218	0
Q9JK48	P97492	0
P32043	Q8R5H6	0
Q9DAT2	Q9D172	0
P97473	Q5SWT3	0
Q60598	Q8BV16	0
P24788	Q7TQD2	0
Q9DBR4	P13346	0
P30993	P00397	0
Q3UKJ7	Q9QXX4	0
Q9QWL7	Q9JHG6	0
P52793	P49138	0
Q6PD26	Q9QZB9	0
E9PYJ0	Q61127	0
Q8C5S7	Q91X05	0
P59280	P14753	0
P50481	D3YZP9	0
O35627	Q3UFB2	0
P97819	P70315	0
Q8BGT0	P62830	0
Q61085	O35386	0
Q9CQD1	P07147	0
Q9CZD3	Q9D0A3	0
P63087	P25322	0
Q3UYH7	Q9CPV4	0
P61294	P41136	0
P28843	O08537	0
P34022	Q9CQ39	0
O89023	Q3ULA2	0
Q91XU3	Q9DBL1	0
P52479	Q91X20	0
P53702	P35979	0
Q9ET38	Q9Z1D7	0
P56565	Q9JJK2	0
P11798	Q80W03	0
Q9WTT4	P28359	0
Q0VEJ0	Q9WVR4	0
Q924W9	Q8QZT1	0
Q9R000	Q9JJC8	0
P14576	P28798	0
Q99JY8	P19157	0
Q640L3	P97797	0
Q6NZI9	Q6ZPI3	0
Q8BFQ4	P19639	0
Q8BUV6	Q62227	0
Q5EG47	Q921H8	0
O88351	Q8QZY6	0
Q9DB70	Q9ESM3	0
O35435	P14234	0
Q9JJW5	Q8R0F8	0
O88531	Q8R0S4	0
O08529	Q9R0Q3	0
Q6ZWY3	Q2VPD4	0
P27005	P62204	0
P07934	Q9ESG2	0
Q9WUN2	Q9D6G9	0
O88609	Q8BIJ7	0
P33242	Q9R171	0
Q920Q6	Q5U4F6	0
O35449	O08863	0
Q0VG62	P10166	0
P97287	Q8BJS4	0
Q63932	Q60935	0
Q7TMK9	Q8BM13	0
Q6IRT3	Q99PU7	0
Q9DCR4	Q6NZI9	0
P0C605	Q8C031	0
Q8C0M9	Q9QXY6	0
Q9DBY1	Q7TQD2	0
Q8K424	P35235	0
O70343	O35602	0
Q3U0V2	P56564	0
P70315	Q9EP69	0
Q9CX84	Q8K0U4	0
P04186	Q9CQ22	0
P55098	O35972	0
O88551	P81270	0
Q3URS9	P70178	0
O70494	Q91VI7	0
P62996	Q9QZB1	0
P18111	P28741	0
Q99JR8	Q91VL8	0
Q8BGY9	O88291	0
Q8C008	Q8VHK5	0
Q8BM54	Q9CPU0	0
Q8C3P7	Q8BLU0	0
Q6ZPU9	Q9CQB2	0
Q9Z1Z2	P21614	0
P70423	O08756	0
P16627	Q9Z0S2	0
Q9QXY6	Q62421	0
P70677	Q9CPU0	0
Q61423	Q9CZW5	0
P47242	Q9D8C6	0
Q9D1K4	P25233	0
P51860	Q61091	0
P25322	Q5U4F6	0
P70662	Q03160	0
Q921K9	O88667	0
Q9JJ80	P51450	0
Q8R323	O08586	0
P70281	Q922I7	0
Q3U2E2	Q9D198	0
P62267	Q8JZU6	0
P97454	Q61127	0
B5TVM2	Q9CQ71	0
P31750	Q6ZWV7	0
Q8BFQ4	Q62441	0
O08537	Q8R023	0
O08580	Q8VDH1	0
Q9WUA5	Q8CGU1	0
Q9JJ66	P38060	0
Q99JW4	D3YZP9	0
Q3UBX0	O70311	0
Q91X72	Q91X05	0
O35445	Q91VH1	0
Q6NV72	Q9CY58	0
P23804	P30280	0
P06804	Q08331	0
Q8C006	Q8VCI5	0
P09079	P27782	0
P43136	Q9WUT3	0
P10629	Q9R1Z7	0
P58462	Q99LH1	0
Q8BGZ4	P62259	0
Q5F2E7	O35926	0
Q9DAK2	P63280	0
P62301	O08792	0
P28652	Q9JMG7	0
Q08288	Q8C0P5	0
Q64310	P14131	0
Q2YFS3	Q99N28	0
Q9D8F3	Q62446	0
Q9DCK3	P97427	0
P47757	O55128	0
P62315	Q07079	0
A2AQ19	P06798	0
O35988	Q9JLQ0	0
Q9R0U0	Q9JM54	0
Q80X73	Q8BUB4	0
Q9WTU6	P48774	0
O88543	O89053	0
Q8CID3	Q9CQF3	0
Q62351	Q99KN2	0
Q8K0E1	Q9R1Z7	0
O55242	Q9D6X5	0
Q9R0Q3	P36916	0
P41778	P62082	0
O35657	Q9D0M1	0
Q8R3P0	Q99K85	0
Q9DAN1	Q91YT7	0
Q9Z1E3	Q9JM93	0
P30115	F8VQC1	0
Q9JLV5	Q9D832	0
Q8R138	P50518	0
Q8R3V5	Q921E6	0
P62717	Q91VD8	0
P29351	Q9Z2A0	0
Q8BUB4	P05125	0
Q08331	Q99LF4	0
Q99K90	Q9CQ71	0
Q9R109	P19639	0
Q64434	O35621	0
P35980	P30993	0
P62996	O88667	0
Q61090	O88809	0
Q9D2H9	Q9CQ25	0
Q3UVU3	Q9JJC8	0
Q2WF71	P42209	0
P52482	Q9EQP2	0
Q62083	P32233	0
P0CG50	Q99MH6	0
Q60973	Q62406	0
Q921D4	O88952	0
Q60862	P97438	0
Q920D3	Q61085	0
Q9JIP4	Q6ZQI3	0
O08583	P53351	0
Q8BGK2	Q8CFA1	0
Q6A028	Q8C1S0	0
P97379	Q60596	0
P70460	O08539	0
Q8CFD5	P07214	0
Q61171	O88983	0
P70445	O08674	0
Q80WM9	P32114	0
P84078	Q9CQA3	0
Q62433	Q5D1E7	0
Q9Z0S9	Q8K273	0
Q64152	Q7TMQ7	0
Q91VM5	P83940	0
Q8BGU5	P19182	0
Q6ZQE4	Q3TVW5	0
Q8K4K2	Q9D6H5	0
Q9CWE6	Q62210	0
P58929	P50247	0
Q61024	Q9CQD1	0
Q8C006	O35083	0
Q9CQ44	Q9D0J4	0
Q9DCH4	Q9EP69	0
Q3UND0	Q91Z31	0
Q9QYE3	Q9DBL1	0
Q9CWL8	Q64345	0
Q6NSQ7	Q8K124	0
O09167	Q9Z111	0
P52483	Q921H8	0
Q91VW3	Q61474	0
Q91X72	Q5F2C3	0
Q8BX09	P51141	0
P97427	P18872	0
Q61753	Q8CI95	0
Q9QUR6	P70278	0
Q5DTN8	Q9DBY0	0
P15314	Q9CZG3	0
P53776	Q9QXV1	0
Q91VJ5	Q8BG84	0
Q3UIU2	Q80X44	0
Q8BVM4	O08675	0
Q99L13	Q9Z1L3	0
P30545	Q9CZX2	0
Q01147	P22727	0
Q8K339	D3YZP9	0
P30681	Q80V81	0
Q8VHI4	O70456	0
O35717	O88271	0
Q6IMB1	Q922B2	0
Q8K2F8	P10629	0
Q8R071	B2RSH2	0
P24456	Q8C1R0	0
Q9Z0P7	Q9D6P8	0
Q9Z320	Q3U2S8	0
E9Q8D0	Q60862	0
Q8K4K3	Q62232	0
O54992	P10166	0
O09012	O54905	0
P24610	O08856	0
P51450	P25918	0
Q9D600	Q99KP6	0
Q9JKU8	O08664	0
Q9QYS9	Q99N13	0
Q8BGJ9	Q9QYP6	0
Q8BSY0	Q91VX5	0
Q8VI40	Q05738	0
Q9D0F4	Q6P9R2	0
Q3UMR5	O54833	0
Q9JKM7	Q8BMZ5	0
Q8BZ64	Q8BMA3	0
P16627	P09528	0
Q9CZX2	Q91VJ4	0
Q9ET80	O35465	0
Q8R2N2	Q9CQC6	0
Q80UY1	P70389	0
Q91ZK0	Q8R3R8	0
Q61205	Q9CPX6	0
P47877	O35054	0
O54692	Q8CB87	0
Q8R2H9	Q9CPP0	0
Q8CF89	Q9CQV6	0
Q08297	Q9CRA8	0
O08749	P08905	0
P70441	Q9ET38	0
P63058	Q61216	0
Q9CPX6	P62874	0
Q3TEA8	Q8VEF1	0
Q9Z0G7	Q505F1	0
P27773	P35639	0
P63213	P48453	0
Q8C0V1	Q9WUT3	0
Q922Q2	A2A5Z6	0
Q00286	P58043	0
Q91Z31	Q6PGB6	0
Q99KR7	Q9Z1L3	0
Q9Z0G0	O55234	0
O89033	Q8BK63	0
Q9CZB6	Q9D8C6	0
P35290	P43136	0
Q8K268	Q8C2Q3	0
Q64317	Q9QYE6	0
Q149L7	Q9R1Q8	0
Q9Z1D1	P68037	0
Q9Z0E3	Q8K273	0
Q8BHA3	O88983	0
Q91ZA3	P25233	0
O08605	P61021	0
Q7TMF2	Q64143	0
P62270	E9PUA5	0
P06240	Q9R0M6	0
P11416	Q62447	0
P70371	P25976	0
Q8JZP2	Q69Z99	0
Q08024	Q64213	0
Q9CR09	Q8K3G9	0
P16254	P23475	0
Q60825	P40630	0
P61226	Q14C51	0
Q9CZD3	Q7TQF7	0
Q9R049	Q99ME9	0
P61458	Q9D1L0	0
P25918	Q8BMA3	0
Q9QZ06	P86048	0
Q9CQQ7	Q9JMH6	0
P46097	P36895	0
Q8BKX1	Q9QXV1	0
Q04742	P63089	0
Q8R5C5	Q9CRB2	0
P62700	Q8CHH9	0
Q2VPQ9	Q9DBL9	0
P05132	Q7TNS8	0
P27512	O70311	0
Q9JIA1	Q60598	0
Q8BHD0	Q62186	0
Q6WVG3	Q9CPX6	0
Q9JHG6	A2AMM0	0
Q9CQX8	P51667	0
Q68FG0	Q9Z150	0
Q6P9S0	P70351	0
Q8CIB5	Q9R226	0
Q9R1T4	Q8BHK0	0
Q8CEC0	Q61011	0
P63001	Q9DCC4	0
Q91VR7	P62806	0
Q9JLM9	Q8BGJ0	0
Q8K3V1	Q8R1N4	0
P48432	P11438	0
P15806	O08807	0
Q8K0D0	Q9JI44	0
Q99MP8	P46684	0
Q61003	Q6DVA0	0
P20334	O89051	0
P06837	Q8R1M2	0
Q9Z1D9	P97477	0
P70255	Q9D8C6	0
O88597	Q7TQE6	0
Q9QYE9	O09167	0
Q9Z2X8	Q9D198	0
Q9QXD6	Q9JM93	0
P09631	Q9D6H5	0
P07759	Q9QYH6	0
P37040	Q8R173	0
Q9Z2F7	P14869	0
Q5SUF2	Q8BNL5	0
Q3UX61	Q923S9	0
P53702	Q8R0W1	0
Q8K3G9	P04441	0
Q8CAE3	Q9JKB1	0
Q8VDD8	Q8R3Y8	0
Q00612	Q8BH44	0
Q61024	Q7TNM2	0
P14602	Q60898	0
Q9ESM3	P62073	0
O70191	D3YZP9	0
P04756	Q60925	0
Q80ZE3	Q8VE70	0
Q3V1L4	P58242	0
P05064	P38060	0
Q9DCX1	Q9Z2W0	0
Q99K28	Q9WTX7	0
Q8BGJ9	P97357	0
P68134	Q99PU7	0
Q60611	Q8BPA8	0
Q8BLR7	P59999	0
Q9D0K2	P09055	0
P14142	O35942	0
Q9DBS2	P47876	0
Q8BH06	P33434	0
Q6ZPU9	P70396	0
P62849	Q64131	0
Q61762	Q9DBY0	0
P70195	Q8K3K7	0
Q8BS45	Q8BT14	0
Q9D023	Q9D0R8	0
Q9EQW6	P70196	0
Q03141	Q91WG7	0
Q9JJI8	Q9JL25	0
Q8K0Q5	Q9Z2D0	0
Q8K409	Q5NCQ5	0
Q9Z2W0	Q9QWT9	0
Q05512	Q8K4F6	0
Q9D9Z5	P51150	0
Q8K450	P60762	0
Q924S7	Q9CR80	0
Q60698	O88983	0
Q9Z261	Q80T69	0
Q9Z0H7	P50136	0
Q99KF1	P38532	0
Q6ZWQ9	Q6PHN9	0
O08807	Q9ERI2	0
Q8C4J0	Q921H8	0
P05017	P07724	0
Q9QZL9	Q9CQK7	0
Q63810	P97376	0
Q8VHZ5	Q99L02	0
P61327	Q80ZI1	0
Q99LT0	P31725	0
Q9JL61	P22907	0
Q60989	Q64221	0
Q64261	Q8R349	0
Q3U4G0	Q8BSK8	0
Q63912	P10923	0
P10639	Q9WV31	0
Q9CPR4	A2AMM0	0
P42209	Q91X45	0
A2AQ19	O09110	0
P97298	P84096	0
Q8VBV4	Q99LT0	0
Q9WV55	Q91WK0	0
Q03157	Q6PDX6	0
Q9JHJ0	O88522	0
Q6PEB6	O35621	0
A6ZI46	Q9CPW4	0
Q8BH60	Q8BST6	0
P61219	Q8BX09	0
Q91ZQ5	Q9Z2A0	0
O88895	Q8CHQ0	0
P50586	Q80WJ7	0
P97443	Q9Z320	0
P97931	Q3UUV5	0
P67984	Q9EQD0	0
Q9R1A8	Q91Z61	0
Q61771	Q5XJY5	0
Q8VHZ5	P22723	0
Q9QYA2	P97348	0
Q2WF71	Q91X45	0
Q8VCT3	Q91VI7	0
P68033	O08608	0
Q99LB0	Q9QUM9	0
Q925U4	Q9CQE3	0
P49070	P43404	0
Q8VHK5	Q8QZY6	0
Q02956	P50149	0
Q8K3I6	Q9Z2F2	0
Q8BGC0	Q9D0S9	0
Q9CZA6	Q9D6X5	0
Q8VHI4	Q921M7	0
P97351	P62827	0
Q3UX10	P97376	0
O88951	Q99KI0	0
Q8BFV2	O35218	0
Q91Y86	O88786	0
Q3V096	Q91VN6	0
Q9JIG8	O88983	0
Q3UHD6	Q9D903	0
O88487	Q8VIM0	0
Q5F2C3	Q9ERS5	0
Q8R060	Q9QUJ0	0
P97382	P70452	0
P23812	Q9DBG6	0
Q8K0U4	Q8C437	0
P24547	Q9R144	0
P48320	Q8R5A0	0
P62855	Q9WVR4	0
Q8QZY9	Q9JJV2	0
Q69ZC8	Q64442	0
Q07079	Q9DCC4	0
Q7TNS5	Q9JJP2	0
Q91XB7	Q03526	0
Q9D554	D3YZP9	0
Q9EPB4	P84096	0
Q8C7W7	O54724	0
P51807	Q9Z2C4	0
Q8K209	Q9JI11	0
Q9QXV3	Q9Z0P7	0
P16297	Q9JHG6	0
P47993	Q62376	0
O54992	Q8BHD0	0
Q5SQY2	Q8C9M8	0
Q91VR7	Q8K268	0
P11152	P50396	0
P27040	Q3TWW8	0
Q9JJY3	Q99N28	0
Q9CQ43	Q5SXI5	0
P06240	Q9R257	0
Q61122	P60202	0
O54791	Q8CCE9	0
Q61539	O89091	0
Q60994	P52483	0
Q8K2T8	Q99P58	0
Q9D2Y5	Q9Z131	0
Q5SS91	P59110	0
P50752	Q8CIL4	0
P09528	Q8CGW9	0
Q99PJ0	Q924M7	0
Q8BVF2	Q9D7M1	0
Q8JZX3	Q9CQS9	0
Q9D8L5	P62259	0
Q3UPP8	P30280	0
Q9WVG6	O88983	0
P50518	P43277	0
P26369	P80314	0
P97299	Q9R1A8	0
Q99MX7	P04247	0
Q6NY15	Q9CZS1	0
P09541	Q60778	0
O70220	Q91YS8	0
Q9ERF3	P46662	0
Q9D600	P47713	0
Q9Z0E0	Q9DAN6	0
Q8C0J6	Q61885	0
P52760	Q9D0T1	0
O35654	O88575	0
Q9D0F4	Q08775	0
Q8CI15	P20491	0
Q9CPR4	P29037	0
Q8C7W7	Q8R550	0
Q61411	Q9EP69	0
Q91VJ5	P57716	0
Q99LB0	Q9D103	0
P35347	Q99JX1	0
Q9QXB9	Q8BYZ1	0
Q7TMY4	Q9R1P0	0
Q99KV1	Q6PHZ2	0
Q9CZR8	Q91YQ3	0
Q8BM65	Q9JKY0	0
Q91WD5	P69744	0
Q91XL1	Q80W88	0
Q924M5	Q9CXZ1	0
P62631	P41047	0
Q925B0	Q68FG0	0
Q8CFD5	O35437	0
Q99LH1	P63011	0
Q9JLB2	Q9CQ85	0
Q922Y1	Q9CWE6	0
P14069	Q9CWZ3	0
Q8R550	Q9D289	0
P43136	Q9D0D5	0
Q9D4G2	Q9JHP7	0
Q8BKH7	Q9EPK2	0
Q6NZR2	Q9JI44	0
O54786	Q3ULL6	0
Q9Z1Q5	Q99NB1	0
P22227	Q63932	0
P62806	Q8K268	0
P63141	Q8JZS0	0
Q61127	O89053	0
O88456	Q9D6J6	0
Q3UBZ5	Q91YQ3	0
Q62219	Q8C163	0
P17012	Q9CSN1	0
Q7TMF2	Q9QYK7	0
Q9CWF6	Q69ZS7	0
Q8BVF2	Q8K4Z5	0
Q08624	Q9QYH6	0
Q9D8L5	Q9ERI2	0
Q8K4F6	O35437	0
P41133	Q8VHK5	0
P70689	Q3TWW8	0
P24472	Q6ZWV3	0
P58404	P63015	0
Q80UK7	Q08331	0
Q9R007	Q8BIF2	0
Q9CXW3	Q91VN4	0
P01831	Q08857	0
P97369	Q5XJY4	0
Q9Z1E3	Q9QXD6	0
Q9Z2F6	P35278	0
Q9QXK9	Q8K4B2	0
Q61025	Q8K2C9	0
P52623	Q8BX09	0
O70252	Q8QZY6	0
Q8BU85	P20334	0
P31230	Q5SS91	0
Q9QUJ0	Q922I7	0
Q61271	P63082	0
Q9JIP4	Q3UJU9	0
P08103	Q99JR1	0
Q9QZL0	Q9D4F8	0
Q8BLN5	O70551	0
Q80ZW2	E9PYJ0	0
Q6PFR5	Q9Z2H7	0
Q8C7U1	P70441	0
Q9CQA5	Q9CX86	0
Q9CZD3	P15037	0
Q8JZP2	P61161	0
O35495	Q8BK63	0
Q8K2T1	Q07646	0
P56873	Q61127	0
Q3UZB0	Q63934	0
Q80VP1	O89091	0
Q8N7N6	Q80X44	0
Q8BHK6	Q6ZWQ9	0
Q9Z0H3	O54890	0
P13707	Q8R4K2	0
P42867	Q8K0U4	0
Q03142	Q8BNN1	0
O08529	P36916	0
Q9EPW0	Q64280	0
Q62424	Q9QYI7	0
P35279	Q921H8	0
Q3TSG4	Q9JIP6	0
Q8BGD9	Q9Z307	0
Q4VBE8	Q99LM9	0
P37804	Q6PAK3	0
Q8K5B8	Q91YL7	0
P19157	Q63953	0
Q9WTM5	Q9QZJ6	0
Q149L7	Q8VE42	0
Q4VAA2	Q01721	0
P19253	Q8R0N6	0
Q80WJ1	Q9CQT7	0
Q6DFW0	P43432	0
Q9CZR8	Q6P9R2	0
Q63810	Q9WVE0	0
Q9R1E0	P60766	0
Q9QXD6	Q9R194	0
Q8C163	O70435	0
P14094	Q91YM4	0
Q8CII8	Q91YW3	0
P62889	Q8BUN5	0
P97452	Q5FWK3	0
Q9JIA7	Q91YM4	0
Q8VI36	Q8K023	0
Q8K1I7	P58463	0
Q9CXW4	P26687	0
Q9CWY3	Q9CWE6	0
P17095	O35143	0
Q8VIM0	Q9WTX6	0
P61327	Q60644	0
Q60749	Q8BJZ4	0
Q9QXV8	Q64321	0
Q68FF6	Q9CR27	0
Q91VC3	E9QAF4	0
Q60644	Q80ZI1	0
Q99P31	Q9CRB2	0
P39749	Q02248	0
P48025	P84096	0
Q149L7	Q9ERD7	0
Q9ET80	P68510	0
Q8BHK0	P10166	0
P53395	Q99PU7	0
O88809	P17563	0
Q6P8Y7	Q9CQL1	0
P09092	Q60867	0
Q61234	Q9R1Q8	0
Q99JP7	P41216	0
Q8BG54	P02088	0
Q9CQM9	Q8BGD9	0
P15379	Q80X56	0
Q9D030	Q9D0F1	0
Q9D8E6	Q9JK92	0
Q9QXP7	Q9D379	0
P07356	Q9D8P7	0
P09041	Q8K3M5	0
Q9D428	Q8R326	0
O55057	O35426	0
Q9Z2G6	P41133	0
P62259	Q8VC57	0
Q91YJ5	Q5XJY5	0
Q8BJS4	Q8CCJ3	0
P54116	Q501J6	0
P51141	P52479	0
Q8BKT7	P63158	0
Q9D8V7	Q99N03	0
P12367	Q78ZA7	0
Q7TNC4	O08641	0
Q8BFW7	Q9R0L7	0
Q91ZJ0	P52189	0
Q9EP73	Q99PU7	0
Q8VCB2	P17553	0
P41133	O70252	0
Q9CQ69	P62814	0
P62827	O35218	0
P97348	Q9ET38	0
O35437	P07214	0
Q9EQ51	Q8K3X6	0
P03893	Q5SUF2	0
O88351	Q9QUG3	0
Q64287	P18653	0
Q80UF4	Q9Z2D1	0
Q62419	P19639	0
O35728	Q62465	0
P63328	Q9QUR7	0
Q9R0X4	Q9D906	0
Q8BW74	P23949	0
P31310	Q80ZI1	0
P49813	Q8BMZ5	0
Q9DBA9	Q8R1F1	0
Q8QZS1	P35486	0
P16872	P24270	0
Q3V1U8	Q9JJF2	0
P35396	P63024	0
P49582	Q61496	0
Q8K0U4	O35054	0
Q9R0Q3	Q62421	0
O88951	Q9CQE8	0
Q9D1G0	Q9QUR8	0
P51865	Q8R0S4	0
Q91VD9	P37238	0
Q8K2H6	P53996	0
P97742	Q91ZU1	0
P60843	O88575	0
Q5SWT3	Q9JL25	0
Q3ULD5	P62331	0
Q9D8N0	Q9D6J6	0
Q07279	Q9EQS3	0
Q8R1G6	P28359	0
Q9QXS6	Q0VGU4	0
Q5SXI5	Q8VHP8	0
Q9WUH2	Q62447	0
P17809	Q99J95	0
O35658	Q8VH51	0
P53996	Q78ZA7	0
Q8R001	Q9D0I4	0
Q8CF89	Q8K3M5	0
P49962	P29341	0
Q9DB05	Q91XV3	0
Q9D0B8	P62827	0
Q61660	Q9CW46	0
Q9R0T8	Q8BI72	0
Q9CWW6	Q9WV80	0
Q8C156	Q924M5	0
Q8BTZ7	P51637	0
Q64287	Q9JM76	0
P97357	Q8BG39	0
P28843	P61014	0
Q9WV32	Q8R1B8	0
Q60771	Q9Z130	0
Q920Q8	Q99L45	0
Q8BMG1	Q80TG9	0
P20612	Q9CZY3	0
Q9DB77	P04186	0
Q3UA37	Q921M7	0
Q9DAK2	Q9CQL1	0
Q9CX30	Q61286	0
Q9CXM0	Q9JJV5	0
P36898	Q6ZWV3	0
P60334	Q9Z2F6	0
Q8BZL8	Q9WVS6	0
Q99N57	Q61288	0
Q8BFU3	O09044	0
Q7TND5	O54905	0
Q8BJF9	P07759	0
Q9Z320	Q99JA4	0
Q8R0X7	Q9ERP3	0
Q60611	P97469	0
Q8R060	P70281	0
Q99MH6	P62274	0
P70671	Q68FF7	0
Q3UPP8	Q61425	0
Q8K1N4	Q9QYC0	0
Q8CBE3	Q8C0D7	0
E9Q1P8	P61620	0
Q80ZD8	Q99KP6	0
Q9DAW6	Q9CQ62	0
Q8CCJ4	P70315	0
Q8K2T1	P26339	0
P09450	Q9Z101	0
B1AVP0	Q99JY3	0
P48453	Q60803	0
P14719	Q9Z1K5	0
Q9CQE6	Q99KN2	0
Q9ESG8	P70315	0
Q8BHL5	Q9QWV9	0
O88520	Q7TNR6	0
Q2YFS2	P70257	0
Q80VL1	Q6P5G3	0
Q9QZD9	Q9CRB9	0
Q62227	Q3UHB8	0
P70445	P07744	0
Q61206	P70290	0
Q8BW74	P62881	0
Q60972	P97454	0
Q9JK38	Q9R1T2	0
Q8BG32	Q80ZM5	0
P68368	Q7TPE5	0
Q61069	P04247	0
Q6J1H4	P10751	0
F8VQK3	P62245	0
Q8C015	Q9CZX7	0
P42227	P62874	0
Q9QZB9	Q78ZA7	0
Q9Z2W0	Q8VEH3	0
P35235	P68040	0
Q810S1	Q06507	0
Q9JI70	Q8BH43	0
Q9CQ69	Q9CR16	0
Q63810	P51942	0
Q8BXP5	Q7TQE6	0
Q9CWH4	P43120	0
Q9ERG2	Q9QYB8	0
Q9CQC7	Q8K330	0
Q8R5M8	Q8R0K9	0
Q61501	P47941	0
O35658	P62274	0
Q64355	Q9WUV0	0
Q02819	Q9EPC1	0
P63166	D3YZP9	0
O08709	Q921K9	0
Q8CI32	Q9CQ49	0
Q60605	Q8BGJ0	0
Q9Z104	Q9QY66	0
O54926	P16254	0
Q9DBS5	Q9DBS8	0
Q9CR68	Q60649	0
P60904	Q80U70	0
P63037	Q80YN3	0
Q9Z2C8	Q80YN3	0
P62320	Q8VI67	0
Q61069	Q9R0M6	0
Q8BIF2	Q3ULD5	0
O89112	Q99J39	0
Q8K1S6	P56931	0
O70306	Q8BG73	0
Q5HZK1	P01831	0
O35344	Q99KI0	0
Q9JLT4	Q9QZK7	0
Q9D4G2	Q9JI33	0
Q9CR78	Q80ZI6	0
Q9R059	P31230	0
P97438	P49312	0
P70697	Q3UM45	0
Q60749	Q9D275	0
P22366	Q61188	0
Q9CXW3	P30681	0
Q9Z2I8	Q8BIX3	0
Q9CXW4	P00158	0
Q6P3E7	Q8BMF4	0
Q8BHL3	Q99MD8	0
P57746	Q62158	0
Q9WTZ0	Q60634	0
Q9Z205	Q9R171	0
O35737	Q3UC65	0
Q01339	P62322	0
P17679	P61092	0
Q9ERD8	Q8BH58	0
Q99MN1	Q91ZR3	0
P97287	Q8CCJ3	0
Q9QXY6	P36916	0
Q99LW6	Q9QYB1	0
Q80TS7	O88447	0
Q9WTP3	P15314	0
Q924C6	Q9R020	0
Q5U458	O35098	0
Q45KJ6	Q8JZP2	0
Q8K4B0	P70353	0
Q9WTR5	Q9ER69	0
Q08879	P20029	0
Q5SWT3	Q5SS91	0
Q60722	P14901	0
Q60925	Q3U410	0
O54734	Q9CQC7	0
Q9DD18	Q9CWE6	0
Q9R190	Q8CFD5	0
Q8CBE3	P58242	0
O54790	P15331	0
Q8K2F8	O88786	0
Q04735	Q921H8	0
Q62446	Q9DBL1	0
Q7TND5	P26339	0
Q61701	Q9JJP2	0
P56391	P12710	0
J3QMY9	Q9JMI0	0
Q99LF4	Q62441	0
Q9CPU0	P54843	0
Q91WG2	Q80UY2	0
O08675	S4R1L6	0
Q3V300	O70477	0
Q91V12	P70315	0
P43431	Q9D6F9	0
Q8C886	Q8C2K1	0
P10922	Q9DBR0	0
Q01065	Q6P8X1	0
Q8BRM6	Q9Z1Y4	0
Q80ZK9	Q9Z1Y4	0
P47741	Q9D6X5	0
Q8BYZ7	Q3UVU3	0
Q6IRU7	Q8QZV7	0
Q9CQQ4	Q3UC65	0
Q6P5G3	Q09163	0
Q0VG62	Q99PT3	0
Q9QXX4	Q61235	0
Q99M87	P59913	0
Q9Z111	Q9JHR9	0
P46414	Q6IRU2	0
Q8BWY7	O88844	0
Q9JM73	Q921R8	0
O35691	P70278	0
Q9QZH6	Q8K4Z2	0
O08791	Q99PT1	0
Q9WV74	Q921E6	0
Q61103	Q99JX1	0
P48316	Q9D7V9	0
Q91VN4	P30681	0
Q9D495	Q8VEE4	0
Q8BP47	Q61011	0
Q80U23	Q8BNY6	0
Q9EPK2	Q8BX09	0
Q64104	Q8R4Z4	0
Q08288	P70195	0
Q8CDD8	Q8VCK3	0
Q9WVB3	Q9D6P8	0
Q9WVC3	Q8BVL9	0
P37242	Q791V5	0
Q99N57	P47915	0
Q99MN1	Q9JK92	0
P81270	Q9CQ71	0
P23950	Q9R1Q7	0
O88895	O35160	0
A2ARP9	Q9CR62	0
Q60803	Q9R171	0
P29595	P53702	0
Q9JL61	Q9CQ22	0
O35054	Q9WUV0	0
Q3UXZ6	Q9CW79	0
Q61598	P70191	0
Q62426	Q8VCD5	0
Q9QYB8	Q9CX66	0
Q9JI19	Q8K0T0	0
Q8K4B2	Q8BZ64	0
Q02650	Q9EP69	0
P14231	Q9WTX2	0
Q91W40	Q63918	0
Q9DBH5	Q9CWX2	0
Q9ERB0	O88685	0
P35279	P52483	0
Q8CAQ8	Q6ZWZ2	0
Q91ZD6	P04247	0
E9Q8D0	P49312	0
Q9ERR7	Q9QZM4	0
Q8VHW2	O89112	0
Q99M31	Q6P6N5	0
P97414	O54983	0
Q9D2Y4	P70210	0
Q2TBE6	P43274	0
Q91WV0	Q922J9	0
Q9JI71	O88447	0
Q9EQP2	P50220	0
Q8VDG3	Q9CRB9	0
Q9CPU4	Q8C031	0
Q9WUL8	Q99KL7	0
Q9WVP6	P33896	0
Q9Z1P6	Q9QYA2	0
P35564	Q61011	0
Q99JY9	Q99M28	0
P97358	A2AWT3	0
A2AC93	O55234	0
O88602	P97351	0
Q91ZR4	O35626	0
Q8R2R9	Q4VAE3	0
Q99J09	Q04863	0
Q64364	Q07230	0
Q8K2H6	Q78ZA7	0
P13379	Q9CQB2	0
Q920A9	Q99N13	0
Q9QZL9	P84096	0
P22724	Q08369	0
Q03358	Q9CPN8	0
P22518	Q9D8E6	0
P40630	Q8BN78	0
Q9R1P0	Q9QWR8	0
Q14BB9	P25119	0
Q8BKJ9	P48962	0
Q9Z2C5	Q8BHL5	0
Q8C0J2	Q9D030	0
Q99KI0	Q99KH8	0
Q61937	Q9CQA3	0
P97443	Q3U2S8	0
Q9R0Q6	Q8VDD8	0
Q62276	P63280	0
O35566	Q9D0T1	0
P27512	Q99JR1	0
Q91VR2	Q6ZQI3	0
P48320	Q9JMA1	0
O54734	P60762	0
Q9CQZ1	E9PYJ0	0
P70404	Q07968	0
Q91WQ3	O35626	0
Q9R0E1	Q8BGT1	0
O54950	Q9R1P4	0
Q9CXZ1	Q99PU7	0
Q64525	P34902	0
Q6ZQI3	Q6PGB6	0
Q9D0P5	P46684	0
Q9D1Q6	P41136	0
Q9Z1Y4	Q9QUR8	0
D3YVF0	Q80TF4	0
Q8BG99	O54786	0
Q8VDS3	Q8VCB2	0
P11835	Q61235	0
Q8CBY8	Q91VJ4	0
Q9DBG9	Q9D4G9	0
Q9DD03	Q80XN0	0
P35545	P47955	0
Q9JLJ0	Q8VBV4	0
Q04683	Q9CWX2	0
P62281	O70174	0
Q9CRA8	Q8VH51	0
O08911	Q99LL5	0
P97440	P70255	0
P15499	P54285	0
Q9CQX4	P20334	0
Q8BP00	Q04863	0
Q62356	O88533	0
Q6KAR6	Q9QZD9	0
Q9CQ22	P22907	0
Q8CEC0	O88712	0
Q9ER75	P26339	0
P62141	Q68G58	0
Q8VBW1	Q91X43	0
Q8R0K4	Q7TQJ8	0
Q9D0I8	P97441	0
Q3TIX9	Q9R1P3	0
Q9Z1N5	P70694	0
Q8JZP2	P43274	0
Q80XU3	Q64105	0
P62889	P22727	0
Q9CZS1	Q5U458	0
Q91Y57	Q04859	0
Q8C1R0	Q9CPN8	0
Q00417	Q9CXM0	0
O35626	Q6PFR5	0
P30051	P62242	0
Q8BRE0	Q60769	0
Q8K4Z2	Q9JI44	0
Q9CQZ1	O89053	0
P63166	Q9CZW5	0
P14115	P41731	0
Q06890	Q9Z1E3	0
P33242	Q60803	0
Q9D9M2	P62492	0
Q9CQ19	Q9Z2L7	0
Q9Z2A0	P83887	0
Q9D819	Q9D2X5	0
O08917	P52946	0
Q8R4K2	Q99KI0	0
Q8CB77	Q62311	0
P23927	Q3THS6	0
Q9QYE9	Q9JHR9	0
Q9CPR8	P28359	0
P29351	P83887	0
Q8K1I7	Q9JK83	0
P48759	Q60936	0
Q9D0K2	P48024	0
Q9QYE6	Q149F3	0
P48453	Q6A0A2	0
Q9JKF7	P62849	0
P17742	Q9Z2X1	0
P97950	Q8CIV2	0
P28740	Q9Z1S5	0
Q9DB91	Q91ZU1	0
O08900	P47811	0
Q91VC3	Q9WTX5	0
P22091	P84096	0
P62204	Q9D2E2	0
Q9JJC6	Q61171	0
Q9D1B9	P20109	0
Q922M3	P35283	0
Q9D0B8	Q91X51	0
Q9Z1D7	P60762	0
Q9R099	Q60803	0
P63101	Q8BNN1	0
Q8R2V2	Q3UTZ3	0
Q3UC65	Q6P6I6	0
Q8C2Q3	O70439	0
P42208	Q9DBC7	0
O54918	P24668	0
Q9D172	P63006	0
Q8CCS6	Q8JZU2	0
P09079	Q8BY71	0
Q8BVF7	Q62425	0
Q06180	Q8C0V1	0
Q8JZN5	P12815	0
Q9WUU8	Q63943	0
P11157	P43136	0
P61750	Q8CGA0	0
Q8BXV2	P20491	0
P31266	Q8K443	0
P16390	Q3UH99	0
Q8K3G9	Q62425	0
O35730	Q8R138	0
Q8C0V1	O35393	0
A2AWT3	P31310	0
P63006	Q9DAT2	0
Q6PD29	Q9JHG6	0
P12025	Q61079	0
Q9QZ28	Q80ZD8	0
Q61090	Q9D0S9	0
Q9CQE7	Q8C5R8	0
Q923G2	Q8CGP2	0
P50543	B5KM66	0
Q7TSE6	Q99JR1	0
Q9WVE0	P51942	0
Q3UVL4	Q6NS65	0
P63011	Q5U3K5	0
P11983	Q80XU3	0
P35347	Q91VN6	0
P27573	P07310	0
O70583	P60122	0
P09027	O54890	0
P82347	Q8R2G4	0
Q9D4H8	P70701	0
O88705	Q61142	0
P31041	Q99JY1	0
Q02650	O88983	0
P54823	O55022	0
Q9ESN6	Q8BHL3	0
Q9JIA7	Q9CPQ8	0
Q8R1H0	Q9DBY1	0
Q3URS9	Q8BH43	0
Q9JIB4	Q8VE28	0
P25911	P84096	0
O08796	P62192	0
Q91ZR5	Q91XE0	0
Q9Z150	Q8BHX3	0
Q9D8C4	P84096	0
Q8R001	P35550	0
P19228	Q3TC33	0
Q9CY57	P84096	0
Q8BHD8	D3YZP9	0
Q3UU41	Q8CGP2	0
Q9ET35	Q9JIG7	0
Q08619	P60764	0
P43267	Q99M28	0
O54836	P25233	0
Q9JMA2	O70479	0
Q922J9	Q9WV74	0
P11157	P58242	0
Q9QXX4	Q9ESS0	0
P43267	Q99JY9	0
Q91WN1	Q8K124	0
P15864	P48453	0
O88576	P38647	0
Q8K126	P15864	0
Q8VE62	Q05769	0
P11031	Q01721	0
Q61176	Q7TQI3	0
O70494	Q8VCT3	0
Q9CPQ1	O70263	0
P50518	Q61733	0
Q80UK7	Q99LF4	0
Q9DBR3	Q9CPV7	0
Q9CWN7	Q9JKP7	0
P70340	Q8VEE4	0
P40764	Q99JB6	0
P80318	Q80X41	0
P60191	Q9JLI6	0
Q9D0J4	Q8K0V4	0
Q9DCH4	O88983	0
P70178	O54692	0
Q3V3N7	P05627	0
P51942	Q9QYE6	0
Q04886	Q61090	0
Q8BG54	Q8BID6	0
P26323	Q99N13	0
P97950	Q9D6N5	0
P51660	Q9CXL3	0
Q61069	Q64261	0
Q8C008	Q8QZY6	0
Q8BIL5	O70311	0
P62307	P07310	0
Q61762	Q3UFB2	0
Q6ZWV3	Q38HM4	0
P28357	Q5SXI5	0
D3YUJ3	Q9Z2E1	0
Q9CWY3	P26339	0
P97875	Q80X44	0
Q9D0A3	Q7TQF7	0
Q9Z2U1	Q91VX5	0
Q9JIG4	P10923	0
P16390	Q99J83	0
Q80ZW2	P56873	0
Q9Z2F6	P62274	0
Q8BJT9	Q9QZL0	0
Q00417	Q9JJV5	0
Q99MX7	Q91ZD6	0
Q9WVS7	Q91WK7	0
Q99MK8	P47941	0
P97358	Q80ZI1	0
P01731	O35143	0
Q9Z0G0	P59178	0
Q9CR57	Q8K2R5	0
P62897	Q8BGG7	0
Q8BGF3	Q8BV16	0
P28705	Q8BJF9	0
Q60994	Q64705	0
Q60698	E9Q3G0	0
Q9JIF0	Q9JJV5	0
P28047	Q04211	0
Q99JX1	O35716	0
Q9DCM2	O88271	0
Q80UG5	P99027	0
P43276	Q9R171	0
O88803	Q8C796	0
Q9JKK7	P62984	0
Q02956	Q924C6	0
Q9Z0S2	Q8CGW9	0
P81183	P84096	0
P84099	Q66JT7	0
Q9JI33	Q9JHP7	0
O88574	P55264	0
Q8C5R8	P60898	0
Q9CZT4	O35280	0
Q9D2M8	P62492	0
Q62083	P70353	0
Q9JLJ2	Q6PDM1	0
P59999	P63154	0
Q9QYY8	P51450	0
Q64519	O08581	0
Q9DC26	P23242	0
P09027	Q8R0K9	0
Q9DB28	P47753	0
Q80X44	P28359	0
Q8CDI2	Q9D6W8	0
P62849	Q3TJZ6	0
Q921J2	Q8VCD5	0
Q3UE37	Q8C796	0
Q8CGK7	O88544	0
Q9R111	Q8K297	0
P61588	Q9JMI0	0
Q9QZ85	Q9Z2F6	0
P53690	P61358	0
Q2TBE6	O88544	0
Q91VX5	H7BX60	0
Q8R3Q0	Q8K2C9	0
Q6TYB5	Q91W18	0
Q924Z4	Q61496	0
Q9CWU2	Q9D6X5	0
Q8K0D5	Q3THG9	0
Q9WVH4	Q99NC0	0
Q6A0A2	Q60803	0
P97784	Q8VDB8	0
C0HKE1	Q7TNG5	0
Q8BVI5	P43277	0
Q62172	Q8K330	0
P47753	Q9R257	0
Q8CIP4	Q3SYK4	0
P18762	Q9CYA0	0
O35235	Q60787	0
Q9DBB1	Q8BT07	0
P58774	Q9WV55	0
Q6NV72	Q8BIW1	0
O88735	Q8VHP8	0
P61809	P06537	0
P97450	O54825	0
Q91VH2	P60904	0
Q9DC51	Q9Z247	0
P97369	P10922	0
Q4G5Y1	Q01721	0
Q6PEB6	Q64434	0
P35505	Q8VD76	0
Q91VL8	P70441	0
Q924S8	Q9CQ21	0
Q80U63	Q8C031	0
Q9WVA2	Q6NZB1	0
Q3UK10	P02088	0
Q9DBY1	Q3UMG5	0
Q8VEK6	Q9QUN7	0
Q9JI10	P70428	0
Q8BMZ5	Q9JLQ0	0
Q91WA1	Q62376	0
Q8BSA9	Q9R1P4	0
O55203	Q9Z1Y4	0
Q8QZT1	Q9EP69	0
Q09014	Q60760	0
P37172	P61216	0
Q8C4V4	P07310	0
P70191	Q91VL8	0
Q8K2Q9	Q9EQW6	0
Q8VEM8	Q9Z2A0	0
Q99LM9	Q925N0	0
Q8BFR5	Q3UIK4	0
Q9CZB0	Q06507	0
P11835	Q3UKJ7	0
Q9CY57	O08696	0
Q9D9R9	Q9WVB3	0
O88786	Q9R1Z7	0
Q91VE0	Q80Z64	0
Q91ZA3	Q99L43	0
O08547	Q8R574	0
Q9EPX5	Q8CHP5	0
O35235	Q9D2R6	0
Q6P6N5	P12979	0
O70480	O08581	0
Q8K352	O54836	0
Q9JMG3	Q01721	0
Q9EP97	Q9ER69	0
P99026	P49446	0
Q9JJZ6	Q8BYZ1	0
Q9WVC6	P14231	0
P97819	Q9ER67	0
O54962	Q9WUT3	0
P23798	A2AMM0	0
P18653	Q6P9R2	0
Q9CQ10	Q80X44	0
Q9Z175	Q99PT3	0
O55026	Q9CZD3	0
Q9DD03	Q9DCC8	0
P56480	P00860	0
Q91VN1	Q9D495	0
Q8K273	Q7TNP2	0
Q8BHD1	Q9R1S0	0
Q01147	Q9JL10	0
Q3UZB0	Q3UZ39	0
P36916	Q80UK0	0
P19426	P97450	0
P60605	Q61327	0
P22605	Q9CQ43	0
P56135	P16125	0
P42208	Q9Z2L7	0
O08750	Q9DB43	0
Q8K4I3	Q91X96	0
Q3UM45	Q9DC33	0
O35098	Q9JLJ0	0
P13504	Q99PT1	0
P35710	P97452	0
Q63961	Q9CR51	0
Q9CZM2	Q9Z0W1	0
O09106	Q9CQP2	0
P0DMN7	Q8CFR0	0
P62334	P17751	0
Q8R0N6	Q8JZL0	0
P70326	Q60974	0
Q8BJH1	P53395	0
Q91YW3	Q8VDB8	0
P31428	Q91ZJ5	0
Q02614	Q8VEE4	0
Q6VN19	O54941	0
Q8BFT2	P70371	0
P84075	P48678	0
P97814	Q8BZF8	0
P70188	P12849	0
P20293	Q64131	0
P53395	Q8BIX3	0
Q9DAN1	P05213	0
P10852	Q8VCQ8	0
Q8K3W2	Q9JMC3	0
Q9D906	Q9DC16	0
Q7TNC4	Q62420	0
A2APB8	Q9CPX6	0
Q9CPP6	Q7TPE5	0
Q9CZ82	P09671	0
O35718	Q8BGT8	0
Q64310	Q62446	0
P35700	P04186	0
Q9CQN1	Q5XJY4	0
P98078	Q6PFY1	0
Q9WUP7	Q3U2S8	0
P62488	Q9JJW5	0
Q9WTR5	Q9EP97	0
Q9WUM5	Q9CXV0	0
O08740	Q06649	0
P26339	Q9CWE6	0
P35486	Q9CQH3	0
Q02819	Q9DCN2	0
P62325	Q91WC3	0
Q5SU73	Q8CDI2	0
P61027	P19785	0
Q9D600	P18911	0
Q9R207	Q4VAA2	0
P25801	P36898	0
P18406	Q9QXT0	0
Q923G2	Q8BHX3	0
Q62280	Q9ESB3	0
Q91XL1	P22725	0
Q8BRM6	O55203	0
Q8BMP6	Q9EQW6	0
Q9R1Q8	Q9ERD7	0
O35495	O89033	0
Q7TMY4	Q9QWR8	0
Q9JMG3	Q9QUR8	0
P61089	P84084	0
Q61572	Q9CZW5	0
Q99PV5	P97457	0
Q9R1A8	Q3THS6	0
Q8BUR9	Q3UIR3	0
Q8K2H1	Q9DAR2	0
P63328	P25976	0
P84091	P30416	0
Q6PER3	Q8C031	0
Q4KL25	Q5RL51	0
O08586	Q9EP69	0
P62717	Q9D495	0
Q9ER88	P42230	0
Q2YFS2	Q9QUM4	0
P09450	Q8BP48	0
P36916	Q62421	0
Q64317	P97376	0
O88838	O54905	0
Q99JB8	O88487	0
P20491	Q9CZB0	0
O88522	Q9DBP5	0
P54071	Q9CWX2	0
Q62422	Q9DBS8	0
P16015	P19785	0
Q91WK2	Q8CCF0	0
Q64442	P97797	0
O09105	Q9WTU6	0
Q9ERF3	P02340	0
Q06986	Q64442	0
P06240	Q8R349	0
Q8C4J0	P28653	0
Q5SSM3	P31230	0
O35435	Q9QYY0	0
Q7TN08	Q9CYZ8	0
Q8BGT8	Q9CQC7	0
P84104	P97326	0
Q02111	P52795	0
O35664	P51655	0
P55821	P62334	0
Q91YQ1	Q8VEB4	0
P46638	P28359	0
Q91VE0	P83917	0
Q8BGT0	Q9JHC9	0
O35253	Q3UG98	0
Q99N57	Q3UFB7	0
Q9QZN4	Q8C4J0	0
Q06185	Q8K0U3	0
Q5D1E7	P22646	0
Q80WJ1	P97760	0
Q60932	P58463	0
Q9CY50	Q9D1T0	0
P22725	Q8C5R8	0
P80313	Q3UFB7	0
Q8VHK5	O70252	0
P50652	Q3TTY5	0
P68369	P84096	0
Q9WTP9	Q8BP22	0
Q64478	P70362	0
Q9CPT5	Q9CX84	0
Q07235	Q62158	0
Q80YT5	O70311	0
Q8BZF8	O88803	0
Q61572	D3YZP9	0
O35639	P70271	0
Q8R5C5	Q99P31	0
Q8QZS3	Q9JIQ3	0
P35710	P26040	0
Q04744	O08641	0
Q07832	Q61074	0
P03888	Q99N28	0
Q6P9R2	Q9D0I9	0
P28705	Q9CWD8	0
Q91WA4	B1AVP0	0
E9Q8D0	P97438	0
Q9Z2D6	O70172	0
P61372	P21784	0
Q5MJS3	Q8BQ30	0
P97299	Q91Z61	0
P63213	P15864	0
P70452	O88621	0
E9Q5M9	P45591	0
P09405	P0DMN7	0
Q08297	Q921G7	0
B5TVM2	P81270	0
Q07813	P42230	0
Q6VN19	Q9D8C6	0
P54227	P46412	0
P70263	P05125	0
Q3UYC0	Q8BGD6	0
Q9JL10	P62889	0
Q8C7V8	O88983	0
B1AXD8	O88335	0
P63280	Q9CQL1	0
P27048	Q9D0N7	0
Q9D0L6	P70178	0
Q06335	P48036	0
Q91WA1	P26883	0
P60764	Q8CG50	0
P58544	P14869	0
O35451	Q791V5	0
P18572	Q9CR80	0
Q91X51	P62827	0
P50481	Q9DCH4	0
P60853	Q9D6P8	0
Q8R5J9	Q04863	0
O09110	P06798	0
Q9CRA8	P97457	0
Q8BPU7	P62340	0
Q5U458	Q6NY15	0
Q91ZQ5	P29351	0
Q9JMG9	Q8BVN3	0
Q9DCD6	Q7TMA4	0
Q9DB75	P33611	0
Q91YR1	Q62419	0
Q9Z0F3	Q9D3J5	0
Q9Z223	P26339	0
Q9CQZ0	O88983	0
P50516	P97288	0
P97471	P82347	0
Q6PHZ2	Q5SSM3	0
Q9CSN1	Q8BX10	0
Q9CZB6	P70255	0
P0CB42	P42228	0
Q60973	Q61093	0
Q80YV2	Q91VC3	0
O08919	Q6NXH3	0
Q9Z1N7	Q9CYZ8	0
Q01768	P10085	0
Q8BRG8	Q8R2X8	0
Q9JJZ2	Q60676	0
Q03142	Q8C180	0
P56391	Q9JJA9	0
Q9Z1N7	Q9Z1Y4	0
Q9CXZ1	Q9Z2X1	0
Q8C854	Q9CUN6	0
Q8CFR0	O88951	0
Q9CWR2	Q8C9M8	0
P47963	Q8VE09	0
Q9WUI0	Q9Z320	0
P52927	Q9ESB3	0
P27467	P01101	0
P63082	O88888	0
P47857	Q9JM58	0
O70174	Q9R1Q7	0
Q9CVD2	Q8QZX2	0
Q9CZB0	P56818	0
Q64444	Q8BH95	0
Q99LD4	Q99MJ6	0
Q61539	Q924H2	0
Q8BP67	Q9EP69	0
Q9ERE7	P56726	0
Q8K1N4	Q9CWE6	0
P62267	Q9JHG6	0
Q62406	Q61093	0
Q6PDM2	Q8VHS6	0
Q3UZ39	Q63934	0
P70205	Q62441	0
Q9WVK0	Q8R2G4	0
Q8BVI5	Q8R138	0
Q91VK1	Q8CII9	0
Q99NB1	Q9Z0H7	0
Q9CZT8	P62715	0
P21550	Q9CZW5	0
Q91WD5	Q9WVM1	0
P97414	Q9ES83	0
P35292	Q9D5A0	0
P48281	Q99JR8	0
Q9D428	Q8K371	0
P05201	Q7TNG5	0
Q8BFW7	P61967	0
Q9D8Y0	P10649	0
Q99JR1	O70311	0
O88485	Q07174	0
O35253	P14231	0
P18762	Q6IRU7	0
O54916	Q8C5R8	0
P59941	O35737	0
Q8BK63	Q920A7	0
Q4FK66	Q8BFQ4	0
P58043	Q3TWW8	0
Q99PU7	Q8BIX3	0
P35292	Q8BNX1	0
Q9CPY7	Q9QXX8	0
P97825	O70250	0
Q9R112	Q9DCW2	0
O88485	P23950	0
Q923S6	P63024	0
Q9CXU1	Q9Z130	0
Q9WTP3	P48967	0
Q9Z150	Q80X73	0
Q9JJA2	A2AU37	0
Q9D1T0	Q9JKP7	0
Q3UX61	Q8JZU2	0
Q08775	O88809	0
Q3TQ03	Q9Z2H2	0
Q8QZX2	P45952	0
Q61142	P09092	0
P43120	Q91VH1	0
Q9JLJ2	P50220	0
Q6P8J7	P43136	0
Q9JK23	P13020	0
Q9QWT9	Q8K0V4	0
Q04207	Q07424	0
O88441	Q8VEE1	0
Q8C180	Q8BNN1	0
P16388	Q9R000	0
Q91VD9	Q60631	0
O09118	P98084	0
Q64281	P47754	0
Q9CWS1	Q8R326	0
Q9JI11	P00860	0
Q3UK10	Q8BID6	0
Q91WG7	Q91X96	0
Q8K2F8	Q60837	0
Q9Z0V2	Q9ES74	0
Q03719	Q9D0K0	0
Q9Z2S7	Q9D1C1	0
Q9JKD8	Q3TPX4	0
Q7TPD6	Q8CFN5	0
Q9JHS9	Q9JKB1	0
P62855	P70372	0
Q8BFU3	Q9WUT3	0
Q9JLC8	Q9WV19	0
Q60931	O35598	0
Q06219	P10107	0
P42230	P56818	0
D3Z4R4	Q9CX30	0
Q61502	O70435	0
Q8BKT8	P97288	0
P83887	Q99LS3	0
P20263	Q9D5T0	0
O54864	P52482	0
Q9Z0Y1	Q9JLQ2	0
P49698	Q9JJ66	0
Q9D5A0	Q9Z2H2	0
P15307	Q8BJW6	0
O08529	Q9QXY6	0
P51865	Q62441	0
Q8BQ46	Q91VE0	0
P62715	Q9CZV8	0
P63028	Q8BJH1	0
P61294	Q9D1Q6	0
P17809	Q62440	0
Q9CRB9	Q03157	0
A2APB8	P63037	0
Q91XV3	P51150	0
O70172	O08530	0
Q3U4G0	P25118	0
Q6PDK0	D3YY91	0
Q8R4I4	P70278	0
Q62311	P56389	0
Q8BJZ4	Q9D275	0
P09023	Q9D9V3	0
O08736	P59110	0
Q64729	Q7TNP2	0
P23506	Q61858	0
Q00623	P70315	0
Q9Z0F3	O35739	0
P31245	P80315	0
Q60987	Q9CZW5	0
P17182	Q925B0	0
P34902	Q91YL7	0
P62317	P23953	0
Q9CR67	Q8BG39	0
P04441	Q62425	0
Q6ZPL9	Q3UB74	0
P42208	Q61036	0
P15306	Q9QXZ0	0
Q922U1	Q99MI6	0
P55288	Q9CQS2	0
Q99LS1	Q9WUT3	0
O88543	P56873	0
Q6UL01	Q99MK9	0
P62484	Q9EQW6	0
Q99KI0	Q9CQE8	0
P61375	Q08639	0
P28740	Q60676	0
Q9JKF7	Q62420	0
P05202	Q9D902	0
Q8VCQ3	O88569	0
P11404	P61358	0
P21550	D3YZP9	0
Q60631	Q925U4	0
O55126	Q8BH75	0
Q3U4G0	Q9D6P8	0
Q9CQZ1	Q61127	0
P47857	O88983	0
Q9CQQ7	P97411	0
Q9CXF4	Q9CQF3	0
Q91YT7	Q9CUN6	0
Q8R1G6	P84096	0
P20263	Q3TTY5	0
Q60838	O35261	0
Q8BNW9	Q60932	0
O88602	O35218	0
Q8BGT8	Q9Z1D7	0
Q9QXS6	Q8K023	0
Q91ZA3	O88653	0
Q80UK0	Q62421	0
Q8BIF2	Q9Z1F9	0
Q9Z2I8	Q9D0F1	0
Q9R0P3	P61620	0
Q6ZWQ9	P62627	0
P26443	Q9D8N1	0
O08586	O88983	0
Q9CQJ4	Q9DAI2	0
Q9WUA3	P62484	0
P55258	Q91VE0	0
Q14AW5	Q08274	0
Q8BWU5	Q8VE38	0
P97428	Q9Z0Z7	0
P23812	Q9D8X1	0
Q9WVA4	O70137	0
P54841	O70479	0
A2AC93	Q80X56	0
Q5SRY7	Q80VI1	0
P09023	Q6P6N5	0
Q91XL1	Q8R550	0
Q8K348	P14094	0
P12849	Q3TLD5	0
Q6NXW6	P07356	0
P62307	Q8K2R5	0
Q61624	P58771	0
Q07174	Q66JY6	0
Q9DD18	P26339	0
Q8C3Q9	O35963	0
Q9CPY7	Q9QXG9	0
Q8BLR9	Q62421	0
Q99NE9	P61807	0
P35396	P24860	0
Q8K245	P15864	0
Q9CQI7	P24161	0
P52189	Q9QYM8	0
Q7TMQ7	Q9DCW4	0
O35098	Q8BM54	0
Q8CII8	P97784	0
P25911	P28359	0
Q80U23	P61216	0
Q8CFA1	Q9JLQ2	0
O54788	Q9QZ09	0
P62315	Q9DCC4	0
Q9D8S3	Q80XC2	0
P68368	Q9CPP6	0
Q9QXJ1	Q9D0B0	0
P08730	P19182	0
Q3U6Q4	O89023	0
Q149C2	P63017	0
Q3THK3	Q8K479	0
A2ATY4	Q6P6N5	0
Q7TQ95	P43277	0
Q3UC65	Q8BVF7	0
P20664	Q3UYH7	0
O70220	Q925E7	0
Q80UF4	Q9CXV0	0
Q8C6B9	Q8BL97	0
Q80VI1	O70172	0
Q8JZX3	Q9D2R6	0
Q9CX84	P63015	0
Q8C0V1	P52194	0
Q9CWL8	Q8C078	0
P35290	Q6P8J7	0
O35066	Q6PFY1	0
Q99KQ4	Q80XC2	0
Q8K3K8	Q9D6I7	0
Q6NXW6	Q9D8P7	0
O88634	Q3UJK4	0
P35279	Q60994	0
O88952	P14231	0
O70494	P84091	0
P06801	Q69Z99	0
O70166	P70452	0
O89090	P43432	0
Q63912	Q9JIG4	0
P05063	Q60722	0
Q91VJ2	Q9CX53	0
P84104	Q3UV55	0
P70178	Q9QYM8	0
Q9CQ10	P84096	0
Q62186	Q3TIX9	0
Q99LI8	D3YZP9	0
P53026	O88796	0
Q9Z2B9	Q3UXZ6	0
Q61624	Q922U1	0
P25425	Q9R0T8	0
P97873	O88576	0
Q9JI10	P98084	0
P42586	Q5EE38	0
Q9D8N0	Q61003	0
O70433	Q9JK92	0
Q3TIV5	Q61090	0
P04627	P70353	0
Q6UL01	Q3UTZ3	0
P41133	Q8QZY6	0
O70340	Q61160	0
P20293	Q9DAR2	0
O35698	Q00898	0
Q9CQ49	Q9D0N7	0
P62340	Q641P0	0
P36371	Q8BJY1	0
P97471	Q8R2G4	0
Q8C0C7	Q8VDQ8	0
Q9JIL4	O54784	0
Q61733	P43277	0
P52482	Q9JLJ2	0
Q78J03	Q9R0E1	0
Q80U04	Q9D8Z6	0
Q8C437	P63015	0
P61969	P42230	0
P48962	Q3UJU9	0
Q9D7F7	Q61324	0
Q8C0D7	Q8R127	0
Q925T4	Q8VE47	0
P63005	Q9EP69	0
P27005	Q91WC1	0
P52479	Q9WUA5	0
O35054	Q9CX84	0
P43135	P63168	0
Q9ESN6	Q99MD8	0
O55242	Q9CWY4	0
P30306	Q9CUN6	0
Q9JMG9	Q3UJK4	0
Q80TK0	P97376	0
P97450	Q8BG73	0
P07141	Q921F2	0
O55013	Q9D172	0
P17433	P28359	0
Q8VEK6	Q62210	0
Q99MI1	P36371	0
P06537	Q9D6S7	0
P47757	P19788	0
Q9CPR8	P84096	0
Q8VC66	Q80XI4	0
Q9CZX7	Q05117	0
P41778	P15037	0
O88967	P17751	0
Q80X73	Q8BHX3	0
Q5MJS3	P70181	0
Q6P5C5	Q9R0M6	0
P97477	Q9Z2H7	0
Q9CQ85	Q3UMG5	0
O08734	Q8R1S4	0
P62627	Q6PHN9	0
Q9CZW5	D3YZP9	0
Q08624	Q9CWD8	0
Q9Z1K6	P63017	0
Q9CXV0	Q61083	0
Q8BH75	Q99MK9	0
Q8BJT9	Q8VEJ1	0
Q8VDQ1	P01901	0
Q91VC3	Q9CZT6	0
Q6NSQ7	Q9WUM3	0
P27790	Q91YI4	0
Q9CQU3	P28658	0
Q6ZWN5	Q9QVP4	0
Q9Z110	Q9WVP6	0
P16015	Q8K273	0
Q00899	P97742	0
O88735	Q5SXI5	0
Q04744	Q9CQ92	0
P02088	Q62311	0
P55194	P28359	0
P63005	O88983	0
P48024	Q60996	0
Q9D8F3	Q9DBL1	0
P70434	P51637	0
Q8VI67	Q9D9Z1	0
Q9WTT4	P84096	0
Q00612	P31310	0
Q7TSE6	Q80Y55	0
Q9WV60	Q61160	0
Q8CFZ4	P97450	0
O70503	P54843	0
Q9JIY2	Q91WQ3	0
P70434	Q8C1D8	0
O35716	Q9D6S7	0
Q6P9Z1	Q61011	0
Q91YT0	Q9D2X5	0
P25916	P70428	0
Q9JJ78	Q8CHV6	0
Q9CR11	O70571	0
Q03141	P97872	0
O55230	Q9D2C7	0
O88456	Q9CZQ9	0
Q9CXH7	P97350	0
P52482	P50220	0
Q9JK48	Q6Y685	0
Q60974	Q9R1Z8	0
Q45KJ6	P61161	0
P20334	Q8BHX3	0
Q99M31	P12979	0
P97814	P97807	0
Q00547	Q9QUI0	0
Q91V61	Q8K4Z5	0
Q8K2H1	P04247	0
Q4VA36	Q8BX09	0
O55023	Q8BIL5	0
Q924C6	P68254	0
Q31125	P05063	0
Q3UHB1	Q9R1K5	0
Q3UYC0	P97489	0
Q9D1H9	P51150	0
P70340	Q9D495	0
Q03142	Q62191	0
Q62232	Q8R2K4	0
Q3V096	Q9CQV8	0
Q99JY8	Q63953	0
Q8K0Q5	P09021	0
O88597	Q8BXP5	0
P25446	Q99JA4	0
Q9ER67	P70315	0
Q7TNK1	Q60899	0
Q5RL51	Q9CZY3	0
P54987	Q8R326	0
Q61599	Q9CWE6	0
O35598	Q6DFY2	0
Q07105	Q3U1J1	0
P63085	Q91X43	0
Q9D9Q6	Q80X44	0
P57716	Q8BG84	0
P54254	P14234	0
Q9DCS9	Q8K3X6	0
Q91WK7	Q64705	0
Q91YL7	Q9JI33	0
Q924A0	P84089	0
Q9D0I9	Q08775	0
P16014	Q6P8X1	0
P11499	Q99MK8	0
Q9DB05	O88456	0
Q9EPM5	P47876	0
Q91WV0	Q8BTM9	0
P58044	O88983	0
Q9QUN7	Q62210	0
Q8VCR8	O55013	0
Q8BHH2	P50396	0
O55222	Q5XJY5	0
P26369	P17879	0
Q8BHK0	Q7TND5	0
Q9QZ09	Q99PT1	0
Q9Z1Q5	Q8BPU7	0
P07356	Q62441	0
Q99KJ8	Q99KQ4	0
P28658	P62077	0
P24527	Q9Z179	0
Q91VN6	Q9CQV8	0
Q6P5C5	Q9D903	0
Q99LX0	Q5D1E7	0
Q5M8N0	Q8CBY8	0
Q8BG51	P51942	0
Q91VD8	Q8VEE4	0
P29754	P62858	0
Q6IFX3	Q8CAA7	0
P56480	Q9CVB6	0
Q6PHQ8	Q6ZWZ2	0
Q9QZH6	P43431	0
P25911	P61082	0
O88907	P70315	0
Q921X6	O35437	0
Q99L43	O54836	0
Q91VN4	Q80V81	0
Q9Z2H2	O35626	0
Q91VZ6	P43241	0
Q9QZ47	Q9CZW5	0
O35682	O08665	0
Q811U4	Q9JLJ0	0
P00493	P69566	0
Q80UW2	Q9WTX7	0
Q9D6M3	P23953	0
P27577	Q9D4V7	0
P47802	P26928	0
Q68EF6	P62141	0
O08575	Q3TPX4	0
P47963	Q3U0V1	0
Q921J4	Q8BS45	0
O70274	P23475	0
P24526	P58043	0
P10751	Q9D8L5	0
P23949	Q8K3J1	0
Q8R050	P41139	0
Q8BFZ9	Q8VBT1	0
Q9D7N9	Q505F5	0
B2RWW0	Q9EP69	0
Q62074	P50153	0
Q5U458	Q50H33	0
P05017	Q61983	0
P47811	Q9Z101	0
Q6DID7	P40336	0
Q6PDM1	P50220	0
Q9DCL9	Q00899	0
O70191	Q9CZW5	0
P26883	Q9WVA3	0
Q60692	Q0VG62	0
O70445	Q3UMG5	0
Q8CFE2	Q60680	0
Q9CQS9	Q60787	0
Q8BWG8	Q9CQE8	0
O08641	P62849	0
P06332	Q8R0S4	0
Q8K348	O88291	0
Q8K4B2	Q8BMA3	0
O54788	Q99PT1	0
Q9D9R9	Q9Z0P7	0
A0A0U1RPC4	Q61466	0
P97363	P10166	0
Q9ERG0	Q9EP69	0
Q8BSK8	Q8C4G9	0
P15037	P62082	0
O35887	Q7TS72	0
Q91XC0	P21614	0
Q9JJ94	P10923	0
P41155	Q9CPX6	0
P63158	P97318	0
Q9Z1B8	P22091	0
Q9DB41	Q9CWX2	0
P32020	Q9CZP5	0
O88576	P28352	0
Q7TNK1	P60335	0
O35609	Q8BLU0	0
E9Q7L6	P62830	0
Q9QUN3	P32043	0
Q3UDP0	Q3SYK4	0
Q8R191	Q6NSQ7	0
Q2HJ10	Q60787	0
Q9QUM4	Q76MZ3	0
Q9JIG7	Q61066	0
O08580	Q3SYK4	0
Q8VHS6	Q61011	0
P26645	Q61083	0
Q06185	Q8R138	0
Q9R257	O55179	0
P63073	P70297	0
P56671	Q923E4	0
Q61180	Q91YJ5	0
Q9D855	Q8BIF2	0
Q62193	P61164	0
Q9WUP7	Q9QWK4	0
Q61412	Q61845	0
G3X904	Q922F4	0
Q9R207	Q7TQF7	0
P59325	O88441	0
O88952	Q9WVC6	0
A0JNT9	Q9Z131	0
Q8K0L9	Q9Z248	0
Q6IRU7	Q9CYA0	0
P59999	Q8BH57	0
Q8CI08	Q61102	0
O35621	Q60769	0
Q8BM13	Q99JB6	0
Q9WVM1	P69744	0
Q9D0F4	P18653	0
Q8VCF0	O54972	0
Q9WTX6	A0JNT9	0
P08226	Q9D1P4	0
Q8K352	O88653	0
Q8VDV7	Q9D1P2	0
O35098	Q91ZR2	0
Q9R0L9	Q9EQF6	0
Q9JM13	P84096	0
Q8BGT0	P31001	0
Q5F2E7	P62878	0
Q04742	Q61983	0
P54775	Q9CZW5	0
Q8R071	Q6U7H8	0
P58466	Q6IRU2	0
P16460	P58463	0
Q62277	Q91WN1	0
O54950	E9Q5M9	0
P48972	Q3UFB2	0
P99029	Q8CG50	0
Q9DB91	Q7TNP2	0
Q9WTK7	Q64459	0
P97825	P19783	0
Q8BG32	Q64213	0
Q9WV54	Q8C650	0
Q9Z261	Q60857	0
Q9CQI7	Q8BRK8	0
Q9D6S9	Q62419	0
P70281	Q9QUJ0	0
P11031	O55026	0
Q8R3P2	Q62419	0
Q9CQY1	Q9DCD5	0
Q99PJ2	P54116	0
Q04207	O55179	0
P58929	Q00417	0
Q9D738	Q6PHQ8	0
Q9QX11	P63271	0
P60853	Q8C4G9	0
Q9CYA0	Q8QZV7	0
Q9R0N0	P48379	0
Q8BUL5	Q64442	0
P40142	Q8VDH1	0
P11247	Q99K01	0
Q9D6N5	Q80V53	0
Q8R1I1	Q9CWU5	0
Q9Z248	O08539	0
Q64368	P70333	0
Q9R020	Q61045	0
Q91VD8	Q8BJW6	0
Q8K2T1	Q9CWE6	0
Q6NZB1	Q9D6S7	0
Q9R164	Q9D495	0
Q75N62	Q8C1B7	0
P61922	Q9CPQ5	0
P01942	Q8BPA8	0
Q9CWF6	Q78J03	0
Q8BIX3	Q9Z2X1	0
Q07832	Q6DFY2	0
Q9D1T0	Q9CWN7	0
P16054	Q62425	0
P97411	Q9JMH6	0
P80314	P17879	0
Q3V132	P28649	0
Q62264	Q3U410	0
O35280	Q9DBT5	0
Q91YT7	Q8BGH2	0
Q8K0D0	Q8BGK2	0
Q9CX66	Q8K299	0
O70251	P61264	0
Q9WVP6	Q9JI48	0
Q9JLT4	Q00898	0
Q9WV32	Q8VCN5	0
Q9JKF7	Q7TNC4	0
P14685	Q9D0K0	0
Q99P91	Q9DAS9	0
Q91VN6	P27659	0
P97760	P05533	0
Q9D2C7	Q8BSP2	0
Q61599	O54905	0
P19783	O70250	0
Q9D880	Q8BG30	0
Q9JM73	Q5SWT3	0
Q07079	P63001	0
P60322	Q80WJ1	0
Q62443	Q9DCX1	0
Q00PI9	Q80ZE3	0
Q9CZ13	P50580	0
Q9Z2D6	Q9QYP6	0
Q2YFS3	Q8K297	0
Q14C51	Q6SJQ7	0
P70281	Q9JKB1	0
Q9QZK7	Q00898	0
Q99K90	Q6NS65	0
O88634	Q9JMG9	0
Q8R550	O54724	0
Q99M15	Q3UHB8	0
Q9CQI9	P63141	0
P22599	P09103	0
Q9R0Q7	Q9JKN5	0
P68134	Q9D0F1	0
Q62392	Q8K0Q5	0
Q8CE64	Q60994	0
Q9CX30	Q91VJ1	0
Q8R0S4	Q05738	0
Q9Z110	Q99J09	0
Q9WVH9	O70445	0
Q8K297	Q99N28	0
Q64092	Q8CC27	0
Q9JKK7	Q9CR27	0
Q01822	Q99LM9	0
O08553	P03966	0
Q8VCY6	P63101	0
Q8R4K2	O88951	0
Q9CQJ4	P21784	0
P0CG50	P60334	0
Q9CWD8	Q9QYH6	0
P48787	P99024	0
Q64012	Q9JJ94	0
P48972	Q9DBY0	0
Q7TNR6	Q80ZI1	0
Q91V79	Q9D6X5	0
P46938	Q921M7	0
Q8CG71	Q8BSP2	0
P35561	Q9JIF0	0
O35317	Q8VCZ6	0
Q68EF6	Q3TC33	0
Q8R2Q8	Q9CPY3	0
Q9Z0H7	O08739	0
Q8R3Q0	Q505F1	0
Q80YT5	Q99JR1	0
P19221	Q9Z1D1	0
Q61858	Q61696	0
Q9Z324	P61750	0
P70323	Q9WUV0	0
P63037	P70663	0
Q9QYC0	P26339	0
O89100	Q91V10	0
Q9CXW2	O08599	0
Q8K1K4	O54905	0
Q99LG4	Q60634	0
P37217	Q9JJ89	0
Q3UH99	Q9R0N0	0
Q3TJZ6	Q9DAR2	0
Q08639	Q8BP48	0
Q99NB1	Q641P0	0
P68369	Q80X44	0
Q9Z2U0	Q9JIY7	0
P28357	Q9JI44	0
P15532	Q60715	0
Q9JIG7	Q9QXV8	0
Q64253	P10085	0
P83870	Q61831	0
Q8R4E9	Q8BX09	0
Q8BH64	P56931	0
Q99M15	Q61474	0
Q9CR62	O88513	0
Q3UMR5	Q0VEJ0	0
O88522	Q793I8	0
Q3TLD5	Q9WUB0	0
Q91ZR5	Q9JKX8	0
Q8BFU3	P58242	0
Q9CRB9	P35363	0
P57784	Q922V4	0
O88544	P63011	0
Q8CAK1	P84244	0
Q9Z0E3	O35286	0
P68033	P36371	0
P18242	P09450	0
P82350	Q61584	0
P45376	Q3UTZ3	0
Q9WUU8	P50518	0
O70585	P46684	0
Q9DB28	Q9R257	0
O88384	Q99JR1	0
Q921D4	Q3UHB8	0
Q9D1G1	Q9QYJ0	0
Q8K450	Q9ET38	0
O55013	Q9DAT2	0
P35283	Q3UIK4	0
Q9D8I1	Q8K299	0
P07091	Q9WVB3	0
Q8R4L0	O70306	0
Q60780	Q8VCD5	0
Q8K273	Q91ZU1	0
Q8C1Z7	Q9QZS2	0
Q99J62	P42669	0
P09022	P10126	0
P40142	Q3SYK4	0
O54836	Q91ZA3	0
P03888	Q9JHJ3	0
Q91X96	Q91YI4	0
P37238	Q80WM4	0
P0CG50	Q9JIB4	0
P97368	Q3UYC0	0
Q62420	P21981	0
P62900	P70425	0
Q03958	P51667	0
P51942	P97376	0
Q8BFU3	O54962	0
P63321	O35305	0
D3Z3N4	P61358	0
Q80VP1	Q924H2	0
Q0VG62	Q9D753	0
Q9D4H8	Q9CQ65	0
Q9ET35	P84089	0
P22893	Q3ULD5	0
P41105	Q5SUF2	0
Q3TY60	Q6ZQI3	0
Q8BGC0	Q91YQ3	0
P50247	Q9JIF0	0
O35698	P46412	0
Q9DC71	Q3UZB0	0
Q9D753	O54905	0
P47880	P61620	0
P39689	Q3TVW5	0
P46471	Q8BG39	0
Q8K5B9	Q504M8	0
Q8QZX2	Q80YV4	0
Q8R5A0	P32211	0
P62881	Q8K3J1	0
Q01822	Q925N0	0
P03888	Q8K297	0
P56198	Q9D8C6	0
Q8K1S6	Q9D6T1	0
P26450	Q80W99	0
P70408	P70288	0
P61807	Q91X43	0
Q8BUV3	Q5SSM3	0
Q924C6	Q8R2Y3	0
Q80V53	P61963	0
Q2YFS3	Q8CBY1	0
Q9JIY7	P61164	0
Q62093	P14602	0
Q3THK3	Q8BP22	0
P58771	Q99MI6	0
Q8K2F8	Q9R1Z7	0
Q61033	Q3U1J1	0
Q9JIP6	Q8CFI2	0
Q9CZA6	Q64729	0
Q60795	Q5DU02	0
P47857	Q9EP69	0
Q9WUK4	P10085	0
P21107	Q99K85	0
Q80U23	P37172	0
Q60865	P30280	0
P97473	Q5SS91	0
Q923G2	Q8BU85	0
Q9ES83	P12815	0
Q8CC27	Q91X78	0
Q8K0G8	Q91WP6	0
Q9Z1R9	Q9CPV1	0
Q06831	Q3SYK4	0
Q80TS7	Q9JI71	0
O88705	Q9JJY3	0
P22227	Q60935	0
Q61233	Q9CZB0	0
Q8CFN5	Q8K1M6	0
Q505F5	P60904	0
P70423	Q9CPR4	0
Q9CQE3	Q14BB9	0
Q9JLQ2	Q8JZX3	0
Q9CXW2	Q9JIF0	0
O08709	O88544	0
Q9CR78	Q8BVQ5	0
P47811	Q08639	0
P15379	B5KM66	0
Q9CQU3	Q9DBS1	0
P60761	Q8BH57	0
P38647	P28352	0
Q9D3R3	Q8CDB0	0
Q8CID0	P16297	0
Q9R224	O54784	0
Q9CY50	Q9CWN7	0
P55264	Q64732	0
Q64092	Q91X78	0
P97477	Q8JZU2	0
Q99MX7	Q9DAR2	0
P54775	D3YZP9	0
Q9CZQ9	Q91XV3	0
Q149F3	P09103	0
P23953	P26339	0
Q99LC3	Q9DBT5	0
P37172	Q8BNY6	0
Q80X41	Q7TNS8	0
P97452	P26040	0
P47934	Q99MH6	0
Q2YDW7	Q9WUV0	0
O70174	Q9JLM9	0
Q9DAR7	O54784	0
O08547	Q01721	0
P27641	Q8CGW9	0
P26638	Q99M28	0
O54949	Q04211	0
Q9EP73	Q8BIX3	0
Q8K209	Q8VHP8	0
P62317	Q7TND5	0
Q91ZR1	Q9WTL2	0
Q8VEK0	Q9D7X3	0
P31266	Q78PG9	0
Q8BKJ9	Q3UJU9	0
P60322	P97760	0
P07724	P63089	0
P58774	Q91WK0	0
Q8CFE3	Q99LC3	0
Q8K396	Q9CX53	0
Q9EQ14	Q63961	0
P10605	Q9QXZ0	0
Q8R127	Q3V1L4	0
P59016	P70333	0
P97382	O88621	0
Q9D7V9	P59280	0
Q9D195	P70315	0
Q9CYX7	Q9D6K9	0
Q9CYP7	P25976	0
P47811	Q8BP48	0
Q9ERG2	P05017	0
P97363	O54905	0
Q9Z2Z6	P52293	0
A2A9T0	P99028	0
P20357	Q8BJZ4	0
Q8R086	Q62441	0
Q91WQ3	P60334	0
P10630	Q8VDQ8	0
Q9D287	Q80W88	0
Q8K3K7	Q9QXD8	0
Q08857	P60670	0
Q9JIB0	Q62233	0
P19783	Q9JL10	0
Q8BHK6	Q6PHN9	0
Q9EQ14	P51667	0
Q99M15	P16858	0
Q8BU11	Q9JJV2	0
Q9R059	P59110	0
Q62151	Q9CZB0	0
P80318	Q61508	0
P47964	P23798	0
Q80UY2	Q9JKB1	0
Q925U4	P25119	0
Q8BG99	P52293	0
Q9D6K9	Q9WVJ9	0
Q9D6M3	P97363	0
O08739	Q60960	0
P49710	Q9D0C1	0
Q1H9T6	P43277	0
P97440	Q9D8C6	0
P52293	Q3ULL6	0
P50752	P30285	0
Q91V57	P06837	0
Q9JLB0	Q921F2	0
Q01768	P49138	0
Q9WVS0	Q8BXV2	0
Q9DC33	P70697	0
Q8BL65	O88544	0
Q9CPR1	Q61011	0
Q3TIX9	P53690	0
P25322	Q9D0S9	0
P60853	Q3U4G0	0
Q7TN29	P50462	0
Q61205	P17919	0
Q9D6K5	P84096	0
Q9DCC8	Q8VEB4	0
Q61169	P55258	0
P39429	P16460	0
Q9ER75	Q62210	0
O08547	Q9JMG3	0
P70263	Q8BUB4	0
P24860	P31311	0
O54941	Q8R2Y3	0
P19785	Q3V0Q6	0
P06801	P61161	0
Q61753	Q6P3E7	0
Q6DVA0	Q9R1P3	0
Q9EQD0	Q8QZY9	0
P46096	Q61817	0
Q6ZQE4	P31938	0
P03893	Q8BNL5	0
Q8VCY6	P61089	0
Q9ER42	Q99JG7	0
Q8BGD6	Q99N03	0
Q9EPK5	Q3U0V1	0
Q60900	O35143	0
Q8VIM0	Q99JB8	0
Q7TNM2	Q9CQD1	0
O08750	Q791V5	0
P32300	Q9Z1E4	0
Q06890	P55264	0
Q9R0L9	O35942	0
P56371	Q91V41	0
P04370	O70263	0
Q8K443	O35639	0
Q9WVA2	P60843	0
Q6U7H8	B2RSH2	0
P16381	O08573	0
P50586	Q8K183	0
P52955	Q9R1Q9	0
Q8VDU5	P61358	0
Q921F4	Q9DAW9	0
Q8R127	P58242	0
O08529	Q62421	0
Q9JL60	Q9DCL9	0
Q61624	Q99MI6	0
P81183	P28359	0
Q9QX98	Q8VCE2	0
Q91X05	P42582	0
P05202	P58404	0
Q99KI0	Q60772	0
P62307	Q78J03	0
P23242	Q99J85	0
Q99MQ3	Q5DU02	0
Q8C0M9	Q9R0Q3	0
P27005	Q8BGN3	0
G3X9C2	Q9JJ89	0
Q8BXP5	Q9Z2C5	0
Q8CB87	P31324	0
Q61792	Q91X91	0
Q9D7F7	Q9Z175	0
Q9CXP4	Q571G4	0
O88803	Q3UH99	0
P09079	Q9CYA6	0
Q8R5J9	Q9EQX4	0
Q91WJ7	O88983	0
Q60867	Q9Z2F2	0
Q60823	Q91VE0	0
P16125	Q8R3L8	0
P56135	Q8R3L8	0
Q8BUV6	Q924K1	0
Q8C5D8	P20491	0
Q8CHQ0	Q8VCZ6	0
Q9CQQ4	Q62425	0
Q3TQ03	Q61474	0
O70126	P21729	0
Q07079	Q08331	0
Q8BHX1	P15864	0
Q6NY15	Q810S1	0
Q8BM13	P40764	0
Q99LD9	Q99JP7	0
Q8K1N4	P26339	0
Q9D3R3	P61759	0
Q61660	Q99K95	0
Q91Z31	Q6ZQI3	0
Q61142	Q60867	0
Q91YQ5	Q9QZE2	0
Q61088	Q9CZH3	0
Q80UF7	Q9D8E6	0
P35545	Q9D1M0	0
P61202	Q9R0P9	0
P35278	P62274	0
O70343	Q9R0P9	0
Q8C0M9	Q62421	0
P26928	Q80T23	0
O08529	Q8C0M9	0
Q8N7N5	Q9D6G9	0
Q9CWP6	O54957	0
P08905	Q60769	0
Q9ER69	O89053	0
P21107	Q9DBY0	0
Q9EQM6	P59280	0
Q9D8X5	Q63961	0
Q80VP1	Q61539	0
E0CZ16	P20108	0
Q9CZD3	Q9R207	0
Q3UBZ5	O35350	0
O08756	Q9D8C6	0
O55033	O08539	0
Q6NXK8	Q9JI10	0
Q61851	O35381	0
Q8BG32	Q08024	0
Q9DB91	Q587J6	0
O88456	Q9CQJ6	0
Q8K5B8	Q9JI33	0
P56873	O89053	0
P70166	Q69ZT9	0
Q7TMM9	P10107	0
Q91WT9	Q9DBZ5	0
Q9D8U8	O35284	0
P63166	Q8BHA3	0
O35602	O88939	0
Q9JJC6	P70315	0
O70126	P68040	0
Q9QZB0	Q9QYY0	0
Q9Z2Q6	Q06219	0
Q9CWI3	P61620	0
Q3UBZ5	Q7TQK4	0
P31230	P59110	0
Q9D2M8	Q921X6	0
Q61584	P37172	0
Q07646	P26339	0
Q8C796	O88342	0
Q8C7M3	O35387	0
Q9JI44	Q60854	0
Q9QYM9	Q6PD03	0
Q4FK66	Q64442	0
Q8C3Q5	Q8BK67	0
P17433	P84096	0
Q8BGT8	P46467	0
Q9CVD2	Q80YV4	0
Q69ZS7	Q6ZPU9	0
Q9R109	Q62419	0
Q6PB97	Q8C031	0
E9Q3G0	Q80X44	0
Q9CWY3	Q9QYC0	0
Q6IRT3	Q9Z2X1	0
Q6NS82	P25801	0
Q9QXV1	Q91WM3	0
Q64355	P70323	0
P46662	P02340	0
O35495	Q920A7	0
Q60775	D3YU81	0
O70333	Q9JID9	0
O09105	Q9QUM4	0
Q7TNP2	Q91ZU1	0
Q9Z2D0	P09021	0
Q8C886	P43883	0
Q8BQ30	P70181	0
Q9JHI9	P20152	0
O35054	P63015	0
Q9Z104	Q62159	0
O70273	Q64104	0
Q9D5T0	P63013	0
Q9CYX7	Q3UZ39	0
P54843	P61969	0
Q8BIF2	P22893	0
Q9JKF7	O08641	0
Q80VQ1	Q8VHP8	0
Q9ER80	P47964	0
Q8VE92	Q3UTZ3	0
P02535	Q924Z4	0
Q61288	Q3UFB7	0
Q9D1X0	Q9DC23	0
Q05816	O55047	0
Q8VBV4	P31725	0
Q60996	Q9CR09	0
Q08879	P59280	0
Q9D023	Q9Z1D7	0
Q80W88	P22725	0
Q3TIX9	O35942	0
Q8BH44	P42228	0
D3Z2R5	Q9DBL1	0
Q9QZH6	Q8K0D0	0
Q9D0B8	O35218	0
P23798	O35671	0
B2RWJ3	Q9CY58	0
Q5SV77	Q99LW6	0
Q9Z1J1	P23804	0
Q60967	Q8BMB3	0
P62141	Q640L3	0
Q3UMU9	P70425	0
O55222	Q61771	0
Q9D2M8	Q8K4F6	0
O08599	Q3UTH8	0
P41105	Q8BNL5	0
P47934	E9Q1P8	0
Q08879	P48316	0
Q14C51	Q02257	0
Q8K377	Q02085	0
Q8BHX1	P67984	0
P35803	D3YZP9	0
P06151	Q61103	0
Q9Z1B5	Q8VHP8	0
P17751	Q9D8L5	0
Q9CZU6	Q61091	0
Q3TQ03	Q91VW3	0
Q91ZR3	Q9JK92	0
P23804	Q61425	0
Q61362	O88983	0
Q07813	P61969	0
Q80ZW2	O89053	0
Q9DB75	Q3UUJ4	0
Q6P8Z1	Q9QXV8	0
Q8K3K8	Q60748	0
Q9D0E1	D3YZP9	0
Q99N28	Q8CBY1	0
Q68EF0	Q64355	0
Q9D6M3	Q7TND5	0
Q9JIX0	Q99JP6	0
Q8VDK3	P32443	0
Q01768	P52793	0
Q9Z324	P12979	0
Q8R5C8	Q62311	0
O88838	P23953	0
Q9WV54	Q60932	0
O70404	Q9EQS3	0
Q9Z108	Q9WVA3	0
P17918	Q8BJ56	0
Q64355	Q2YDW7	0
Q9CZS1	Q9CPW4	0
Q3UTZ3	Q9JKB1	0
Q8C2S0	Q9Z1D7	0
Q80TK0	P51942	0
O70439	Q6P1B1	0
Q924H2	O89091	0
Q8BG60	Q60748	0
P47934	P61620	0
Q8C3X2	P68372	0
Q9QXX8	O35626	0
Q80ZK9	O54941	0
Q91ZD4	P32507	0
P63276	Q61598	0
O70591	Q64337	0
Q9WUK4	P49138	0
P30115	D3YZP9	0
Q8BMG1	Q9WV95	0
Q9EPB4	P28359	0
O35144	D3YZP9	0
P22605	P28357	0
Q99LC5	Q6PDK0	0
O08547	Q4G5Y1	0
Q8BHL4	D3Z2R5	0
P42932	Q8BHN1	0
Q4VBE8	Q99JZ0	0
Q9JK92	Q9QXL8	0
Q3U2S4	O35490	0
O35326	Q8C9M8	0
Q60748	Q9D6I7	0
P46660	Q62011	0
Q9CUN6	Q8BGH2	0
P97443	P32020	0
P19788	O55128	0
P97454	P56873	0
P62960	P70210	0
Q9Z1T5	Q8VCM7	0
P50114	Q8CAE9	0
P51859	Q61233	0
Q9D7N9	P20067	0
Q9QXT0	Q8VHQ2	0
Q91XE0	Q9CPW4	0
Q8BWU5	Q8QZY9	0
Q8R4L0	Q8BG73	0
Q9R118	O70343	0
P08207	P17563	0
Q9JKB3	Q9D0B0	0
Q80VI1	O08530	0
P30306	Q91YT7	0
Q8VCZ3	Q8BH57	0
P55194	Q9D554	0
Q62186	P61358	0
Q80UK7	Q62441	0
