D3ZUD8	Q56B11	0
Q3MHT4	O70277	0
P86182	Q4KM74	0
O35814	P61765	0
Q9Z0W5	P17074	0
Q8R491	Q63448	0
Q62824	Q6NX65	0
P09330	Q6IMK2	0
Q9WTW1	Q64536	0
Q7TP47	Q5U2X6	0
O35115	Q6P9U0	0
D3ZAK6	Q68FR8	0
P25099	P63259	0
Q00959	O08565	0
P12001	P30337	0
G3V8D4	Q6AY56	0
P68403	Q9QUH6	0
P97839	D3Z8E6	0
P61023	Q5M7W4	0
P31652	P11240	0
G3V612	M0RCH6	0
P19804	P21708	0
O35165	Q3MIE7	0
P50617	Q920B6	0
Q925S8	P20236	0
P08460	D3ZTK5	0
P13941	P52504	0
P35171	Q62888	0
D3ZUD8	O70511	0
P62425	Q5XIN6	0
D3ZVH6	D3ZWF5	0
B0BNB1	Q80WE1	0
Q63199	P97924	0
P61515	D3ZEF4	0
P47709	Q5PQQ3	0
Q6QI68	M0RCH6	0
P29066	P62836	0
Q9QX74	Q9Z2X5	0
Q6P5P5	D4A244	0
B5DFN2	Q9WU34	0
P06686	D3ZTE0	0
D4ACG2	Q63722	0
P08485	P31423	0
Q64315	O88453	0
Q62925	O35854	0
Q9JIS1	Q6MGB8	0
Q792I0	D3ZEF4	0
D3ZCS4	D4A9M7	0
P84083	D3ZS28	0
P32551	Q62868	0
P32851	P08461	0
D3ZF07	D3ZSY0	0
P41499	P49432	0
Q3MHS9	P67999	0
Q3T1L0	P04636	0
P04041	Q62908	0
D4A3M8	Q6P6T5	0
Q6P503	P14740	0
P06687	P04961	0
P10686	P33274	0
P13383	P49432	0
Q9QYU4	Q641W9	0
P63329	Q9QYK2	0
P62716	Q793F9	0
Q641Z8	P52947	0
D4ABZ4	Q63468	0
P97846	Q8K4S7	0
P23562	M0RCH6	0
P27682	P70579	0
Q62638	D4A4T0	0
O08775	P34978	0
Q9Z340	P24473	0
Q5U302	Q8CHJ4	0
D4AC36	D4AB03	0
P97519	B0BNG3	0
P19493	Q6IMK2	0
O88761	Q6Q7Y5	0
P47853	D3ZWB4	0
P12346	O35254	0
Q6MG48	Q9QY78	0
Q64537	Q63617	0
P0C5H9	P69736	0
Q5U2X8	F1LN91	0
Q62976	P07896	0
P15337	Q62839	0
Q641X3	P35171	0
Q9JHZ4	Q5XIP9	0
Q04970	P30839	0
P07824	P35213	0
Q99PV2	O70143	0
Q6GQP4	B1WC42	0
Q9QXN1	Q2TL32	0
Q8R3Z7	P21913	0
Q00715	Q63187	0
Q9WU34	F1LN91	0
P52188	P52296	0
P08290	P0C6S7	0
P68136	P38659	0
Q9QXU8	B2GUZ5	0
D3ZX01	D4ABC5	0
Q0PMD2	P62836	0
P17764	O54980	0
Q9EQL9	Q5GFD9	0
P70580	P27049	0
P63039	P55006	0
D3ZD48	E9PSL7	0
Q00981	P49950	0
Q99MZ8	P34978	0
O88900	Q6AY23	0
B2RZ78	D4A233	0
P18666	P55063	0
P61589	Q6PDU4	0
Q64122	Q5PQX1	0
P41123	Q3SWS8	0
Q5PQQ3	Q8K430	0
Q63120	Q6PEC4	0
Q8CFN2	P10499	0
Q62599	P34978	0
D3ZIX4	Q3T1L0	0
Q63746	P28494	0
Q6AY23	Q7TNJ2	0
Q9JHW0	P22062	0
D3ZTK5	Q62786	0
P16086	B1WC60	0
F1LMV9	O88761	0
Q62951	D3ZZV1	0
P11884	Q01062	0
D3ZWA8	P31232	0
D4A1D8	D3ZRX1	0
P48199	Q5U204	0
D3ZMR2	Q62739	0
Q9QXY2	Q63716	0
Q5BJU7	P62961	0
P63018	P09951	0
P09606	D4AE80	0
O35458	A3RLA8	0
P97874	Q62786	0
P61169	D3ZEF4	0
P23785	P47860	0
O35800	Q63187	0
P17325	O88846	0
Q63396	F1M3L7	0
A0A0G2QC56	D3ZWA8	0
B0BND0	Q8K4C0	0
Q9Z1X1	Q9JMJ4	0
P49186	Q07266	0
Q5XHX3	O54861	0
P05182	Q6P6T5	0
P20942	P54001	0
Q499T5	Q5U2Z3	0
P05182	P67874	0
O08679	P40615	0
Q641X3	P35467	0
P62494	Q62968	0
P36372	Q5PQX1	0
Q9R237	P07340	0
Q68FP1	P0C5H9	0
P63326	P10361	0
Q99376	D3ZJW0	0
Q62881	Q5XI51	0
P21213	Q4AEF8	0
P70645	Q505J6	0
D4ACN3	P11506	0
Q7TQN4	P04636	0
Q5PQQ3	P35465	0
Q5FVH0	P04631	0
P20786	Q03348	0
Q7TQN4	Q8K430	0
Q62986	Q63187	0
O08617	M0R4A0	0
P63041	P62762	0
Q9ER34	D3ZEF4	0
Q5U3Z7	Q9JMG6	0
Q62717	Q9JLH5	0
D4A720	D3ZTE0	0
O35346	P50904	0
O70257	P42260	0
Q6IG00	P97836	0
P10760	P39052	0
Q794F9	D4A8G3	0
P82471	Q63633	0
G3V824	F1LZ05	0
D3ZIE1	P37091	0
A0A0G2K5E4	P20070	0
P08503	Q68FR9	0
O88767	P62836	0
P09483	P32198	0
P52947	Q6P9U0	0
Q99JD4	Q08877	0
Q63598	Q9Z254	0
D4ACV0	Q9R044	0
Q01728	P25809	0
Q63199	P51907	0
O08617	D3ZRN3	0
Q9R237	Q6P503	0
Q641Z8	Q62888	0
O88764	Q4QRB4	0
D3ZHX2	P20059	0
P11883	Q63531	0
P59215	P60123	0
Q63454	Q6NX65	0
P27732	D3ZEF4	0
Q7TMA5	Q9ESI7	0
P31000	D3ZEF4	0
D3ZWV8	Q9Z1Y3	0
P26772	D3ZD48	0
P17325	Q3SWU3	0
Q00954	Q63965	0
P62824	Q63638	0
Q5XI81	P13437	0
P47863	Q63638	0
P61621	P52947	0
O35413	Q9Z2J9	0
O35964	Q62638	0
Q6IN36	P10760	0
Q7TP98	Q7TSE9	0
Q66HR2	D3ZJE2	0
Q6GQP4	Q6RUV5	0
Q9R012	P62198	0
P36972	P35571	0
Q8VHK2	P97710	0
Q04631	D4A0G9	0
D3ZAK6	F1LP64	0
P83732	P31652	0
D4A233	Q62667	0
P10111	Q04970	0
Q6IG00	P60192	0
D3ZWA8	Q07310	0
P51639	Q8K430	0
P70566	Q4QQW4	0
D4A5X1	P14925	0
Q6QLM7	Q9WTW1	0
P36506	Q9JHB5	0
E9PTI6	Q641X8	0
P11980	B1WC60	0
G3V8A5	Q5EB77	0
P09217	Q6P9U3	0
Q62889	Q62786	0
P63045	P08753	0
Q62623	P01946	0
P09217	Q505J8	0
Q6QI68	P34978	0
F1LU48	P47853	0
Q02294	Q63187	0
Q04589	Q9WUD9	0
D4A1B2	P35280	0
F1LMV9	E9PSY8	0
P62828	P33274	0
Q71UF4	Q62888	0
O55170	Q04970	0
Q6IMY8	Q4V8H5	0
O70511	P05197	0
Q5FVM4	D3ZHV2	0
P13383	Q7TSE9	0
Q9Z0V5	P34064	0
Q9EQX9	D3ZDS2	0
P15337	F1MAL5	0
P48442	Q9Z214	0
Q62812	P51868	0
Q6P4Z9	B0BN70	0
E9PTI6	Q63199	0
Q5U367	Q7M0E3	0
Q5M824	O35158	0
Q64591	Q6P9U0	0
Q9JI12	P54282	0
Q9R012	P29066	0
Q9QZ76	B2GUZ5	0
P19024	Q66HR5	0
Q5BJU5	Q9JKS6	0
Q80WE1	Q6IFU8	0
Q5XIH3	D3ZMP6	0
P0C5H9	P82995	0
Q63716	Q71UE8	0
P35284	P34978	0
Q01177	F1LN91	0
Q7TP47	Q7TP98	0
Q4V8B7	Q920J3	0
P35435	Q6AY56	0
Q9JKS6	Q68FW4	0
F1M842	Q9QZK5	0
P52631	Q9QZR6	0
P81799	Q641Y8	0
B2RZ33	M0R890	0
O35824	B0BN70	0
O35165	Q00960	0
Q3MHT4	P30729	0
G3V6H1	Q9ERH3	0
P50232	P11598	0
P97846	P21213	0
P07153	P18596	0
Q8K430	B2RYG6	0
P37285	Q561S0	0
P23385	P70587	0
D4A702	P07722	0
P58200	P62961	0
P62775	Q62786	0
O09139	M0RCH6	0
P62083	P10719	0
Q641X3	P19357	0
P97519	Q64591	0
P61515	P34978	0
Q64591	Q71UF4	0
P97924	E9PTI6	0
Q62976	Q3SWU3	0
Q6P7A9	D4AE06	0
D4A9G6	Q63269	0
D3ZPE5	Q9JMJ4	0
Q99J82	P28494	0
Q6P7B0	P35171	0
P53042	M0RCH6	0
B2GUZ3	P19627	0
F1MAB7	P34978	0
Q62844	Q63584	0
D3ZIX4	Q4KM98	0
Q5U2Z3	P54001	0
Q62651	Q6AYC2	0
Q8CGZ2	P63100	0
Q5BJK8	Q32KJ5	0
P61227	Q4G067	0
Q8R515	P33274	0
Q2IBC5	P06760	0
Q63228	P34978	0
Q5XI51	P55063	0
D3ZB14	P26260	0
P04762	M0RCH6	0
Q499T5	P54001	0
Q9R0Z7	D3ZWB4	0
Q62950	D3ZEF4	0
P62832	Q06486	0
Q99JC6	F1LTR3	0
Q9Z252	O55156	0
Q6AY86	Q66H94	0
M0R8U1	P49744	0
P69735	Q62786	0
Q4FZT9	P34978	0
Q9R0C9	P29476	0
O35165	P63079	0
Q5XIM0	P62755	0
P08503	P62752	0
Q63692	G3V6S8	0
P20761	P15146	0
Q9Z269	Q63187	0
Q62698	M0RCH6	0
P23711	P13086	0
Q64536	Q62640	0
F1M4I4	P51907	0
P12749	Q66HF1	0
P11505	Q6AXX6	0
P40307	D3Z8C7	0
P16036	P12785	0
Q6IRK4	F1LQ48	0
P19493	P43527	0
D3ZX01	P97546	0
P63142	Q66HR2	0
D3ZDS2	P62963	0
Q91ZW6	P17077	0
P05503	E9PTY0	0
Q9JHW0	P67874	0
P37136	P21533	0
D4A8E7	D3ZMP6	0
P70566	D3ZC56	0
P23711	Q64428	0
O88751	P21531	0
Q9JLS3	P11517	0
P01946	Q62786	0
Q8VHV7	Q9QUH6	0
D3ZAS1	Q62968	0
P28492	Q63468	0
Q9Z2P5	Q4KM98	0
Q8VI04	Q8R512	0
P97838	Q6PDU4	0
P05554	D3ZX87	0
P35353	Q9JHY2	0
Q9Z272	Q6P6S3	0
G3V612	D3ZEF4	0
P00507	P07825	0
D3Z8E6	P32198	0
Q63028	P09812	0
D3ZMQ6	P09456	0
Q8VIG2	P33274	0
B2RZ33	P32089	0
Q71QF9	P17764	0
Q62600	P11506	0
Q68FQ0	Q06226	0
D3ZFA8	P50878	0
D3ZHA0	F1M2M6	0
A9UMV8	B1WCA1	0
Q9ER30	Q62951	0
P70500	Q3L7M0	0
P05503	P36202	0
Q499U4	Q63187	0
D3ZN27	Q62786	0
Q641X3	P63102	0
P31422	P49187	0
P14842	P33274	0
Q66HA6	D3ZKL4	0
P49185	Q3T1K5	0
P97710	P51577	0
Q4VSI4	Q63635	0
P30937	Q8R4A1	0
O54715	Q05140	0
D4A229	P54921	0
Q5FWT1	D3ZX01	0
Q3MHS9	A7U7N4	0
Q66HA1	Q7TPJ0	0
Q5FVQ4	Q6B4M5	0
Q71RJ2	P26431	0
P18088	P24090	0
Q7TP59	O70260	0
D4A9L2	Q8CFN2	0
F1M4P5	Q71UF4	0
P19327	P39949	0
P84082	Q63633	0
D4ACG2	P41565	0
Q923S8	P62332	0
E9PSY8	Q63374	0
O35116	Q9Z136	0
P52555	Q7TQ16	0
O88900	Q6PDU7	0
Q6QIX3	P22449	0
Q62871	Q66H94	0
O88873	P40241	0
Q569A6	O54715	0
Q6JHU9	Q9R010	0
Q925Q9	Q4KM65	0
Q62812	Q8R511	0
Q5XIT9	O54715	0
Q5XIP1	Q63187	0
P21575	Q6DGG9	0
G3V7T6	P33274	0
A9UMV8	Q4AEF8	0
Q63570	Q5XHX3	0
D4ABI7	Q05982	0
D3ZVH6	P19492	0
P62907	O70127	0
Q9R193	P28492	0
P32182	P52303	0
O35827	Q63187	0
Q5I0E7	Q06226	0
F1MA98	D3ZTE0	0
G3V6H2	P83732	0
E9PTI6	D4A478	0
P36506	D4AC36	0
Q05140	M0R8U1	0
Q63053	P08921	0
P55067	D4A229	0
P62494	G3V8D4	0
Q9Z252	Q9JIR1	0
Q07310	D3ZRX1	0
P56603	O88846	0
P35053	P56558	0
Q924S5	Q8R455	0
Q7M0E3	Q91XS8	0
P13086	O08838	0
P97633	Q63507	0
E9PU24	Q62871	0
P27682	Q8R512	0
Q7TSU1	Q8R490	0
Q05546	Q03351	0
Q63569	Q3T1L0	0
P15651	P35286	0
D3ZS28	D3ZD31	0
D3ZHV2	P36202	0
Q63258	D4A0G9	0
Q66HA6	E9PSY8	0
Q5FWT1	P97546	0
P09895	Q5BJX1	0
D3ZBQ1	Q63187	0
P07727	P11884	0
Q9WUF4	P16409	0
P02650	Q63187	0
Q62634	O35854	0
P08081	Q63187	0
Q62876	P51111	0
P02680	M0RCH6	0
P42930	Q63187	0
Q9JLU4	P21575	0
Q9ERZ8	P49134	0
D4ACN3	Q9EQL9	0
B5DEH2	Q6IMF3	0
P09527	Q9EPB1	0
Q5XIP0	P02600	0
P97573	Q04970	0
Q08463	Q63187	0
G3V612	P34978	0
Q10758	D4AE59	0
Q5M7W4	O35152	0
Q4L1J4	P69897	0
Q4QQV0	D3Z8W1	0
P16884	P60711	0
P20595	Q62739	0
B2RYP4	P11530	0
Q7TSE9	D3ZMP6	0
Q68FW4	Q6TUG0	0
Q5M7W4	Q642B8	0
Q62839	I6L9G6	0
B2RZD5	Q6MGB5	0
Q6MG48	Q4QRB4	0
P47863	P20651	0
D4AC36	P67874	0
P27881	Q08851	0
P35465	P15127	0
P97710	D3ZQ77	0
D4A414	Q3MHT4	0
P97874	D3ZEF4	0
O88996	D4A3M8	0
Q62623	P34978	0
D4AE06	P17220	0
P19234	D4A4L4	0
P48284	P11275	0
Q8VHK2	P51577	0
Q8K3Y6	G3V6H2	0
Q5M7W5	Q9ES53	0
O35800	Q62786	0
P07687	Q07266	0
P14925	D4A9L2	0
D4A8E7	P07150	0
Q99MZ8	Q62786	0
Q5U2T9	Q7TQ16	0
Q5BJQ5	Q8R4A1	0
P68035	P35439	0
D4ACB8	F1M4I4	0
P05982	P37136	0
D3ZUI5	Q63187	0
D4A229	D4ABI7	0
O35824	P21708	0
P62083	D3ZAA9	0
P35465	Q62931	0
Q9Z2J9	M0RC99	0
P15337	Q5FVH2	0
P02091	P19493	0
P50398	O35921	0
Q561S0	P23514	0
D3ZK47	B4F7E7	0
D4AC23	D3ZLN7	0
Q62848	P33274	0
Q9Z340	D4ABI7	0
P24268	P15178	0
D3ZTX0	B0BNK1	0
P51638	D3ZWQ5	0
P70500	Q4AE70	0
Q4QQW8	M0RCH6	0
Q6P7S1	D3ZLN7	0
O08561	P33274	0
Q66HR5	G3V824	0
Q9JI12	Q56B11	0
Q9ESM2	D3ZTE0	0
Q9EPV5	Q62786	0
D3ZUD8	P35565	0
Q80ZA3	Q4G017	0
A0A0G2QC56	P54282	0
P48284	Q6P5P5	0
P52481	Q4QRB4	0
P31388	P15431	0
Q7TQ16	P80386	0
P70606	Q5XIH3	0
P21533	P67874	0
P17209	D4ABC5	0
Q64591	B5DFH3	0
P05712	Q6P762	0
O35431	D3ZT20	0
P21670	P17325	0
Q9QVC8	F1M842	0
O35458	G3V8D4	0
D4AC36	Q6P6T5	0
P62744	G3V9R8	0
P70615	P05696	0
Q71QF9	P54282	0
Q68FP1	D4AE06	0
D4A233	D4A208	0
Q9Z1E1	P18265	0
P49616	P04466	0
P36506	Q6P6T5	0
Q925Q9	P19024	0
Q6MGB5	P62752	0
Q3T1L0	D3ZEY0	0
P84245	Q9Z1Y3	0
Q9Z214	F1MA98	0
Q05546	Q99J82	0
O35116	P32182	0
Q925B3	P33274	0
P31423	P35570	0
G3V928	D4AE06	0
Q9QZ76	Q00972	0
Q02975	Q9JLJ3	0
P05545	O35115	0
P41350	P20059	0
Q9EQH1	P84586	0
D4A1B2	Q63768	0
P29067	D3ZEF4	0
Q9R186	P85108	0
Q9Z330	Q6MG49	0
Q62936	D3ZBN0	0
Q562B5	Q00438	0
P85108	Q5XI86	0
Q8R490	Q6P777	0
D4A8G7	D3ZB14	0
B0BN70	P19804	0
D4ABZ4	P17764	0
G3V7G9	Q63187	0
G3V6H2	P05765	0
Q4G061	P14925	0
O08651	P15127	0
P53565	Q63187	0
P20069	Q5BJQ5	0
Q5FVH2	Q71UE8	0
Q6AY53	Q63563	0
Q8CFC1	P40615	0
P20069	Q8R4A1	0
P83941	O88846	0
Q63584	P37090	0
Q6JP77	Q6AYC2	0
Q5XIT9	Q569A6	0
Q5RJQ8	P85970	0
P00564	A1L1I3	0
D3ZBN0	Q6TUG0	0
D3ZCV0	P62870	0
Q7TNJ2	Q6P9T8	0
Q62871	Q920G2	0
Q4KM74	D3ZWA8	0
Q99MZ8	D3ZEF4	0
P08649	Q9Z136	0
D4A4D5	B2RYG6	0
P20156	Q642A9	0
O88900	Q68G38	0
P67999	Q9ES53	0
Q920J4	Q63016	0
Q62985	D3ZEF4	0
Q63073	Q499V0	0
Q63279	P34978	0
Q63942	Q00959	0
O89035	Q4QRB4	0
G3V824	P10499	0
P53042	D3ZEF4	0
Q6PDU7	Q66H80	0
P48004	D3ZEF4	0
Q68FV6	D4A4D5	0
P36506	P67874	0
Q9QYC5	P33274	0
Q63083	Q63716	0
D3ZTP8	P09117	0
P17077	P11884	0
O09171	P13084	0
O88764	P13721	0
Q6AYC9	Q9R063	0
Q62640	P53767	0
Q811A2	F1LP64	0
O08618	P51579	0
Q08849	P97573	0
P63326	D3ZIX4	0
D3ZT20	O88382	0
P35435	P62494	0
Q8CH84	Q3SWU3	0
Q9ESM2	D4A720	0
P68101	M0R6L4	0
D3ZZY5	Q62627	0
Q63226	P21913	0
P02680	Q62786	0
O08662	P09951	0
Q6AYS3	Q80WA4	0
F1MAB7	M0RCH6	0
P30937	P20069	0
Q10728	Q66H80	0
Q5PPJ9	Q9Z2F5	0
Q07009	D4A4L4	0
Q8CGZ2	Q7TNZ6	0
P19225	P24050	0
Q64568	P13832	0
P06211	Q5PQL2	0
Q68FR6	P37090	0
Q63634	G3V6H2	0
B2RYN7	Q9WUD9	0
Q5XI86	P55797	0
P56603	Q8CH84	0
Q9ERR2	M0RCH6	0
P62716	P49653	0
Q9JIR4	Q05962	0
D3ZT20	Q05962	0
P62961	Q7TNZ6	0
Q920J3	P62703	0
Q64375	P34978	0
Q02874	P13233	0
P07687	Q00981	0
P29117	Q7TMA5	0
P29067	P34978	0
P47942	Q9Z2S9	0
P62836	O35147	0
Q8VHV7	Q9ES54	0
Q64542	P24368	0
P07872	P52481	0
Q5U2T9	P80386	0
P61515	Q62786	0
Q63569	Q4KM98	0
Q07009	Q6MGB8	0
D4A9L2	F1M7Y5	0
P83941	Q3SWU3	0
Q5XIQ4	B5DF91	0
D4A4T0	Q6VBQ5	0
P24090	D3ZB48	0
Q9ERH3	Q8VHI8	0
Q4QQT4	P61959	0
P70600	Q5M7W5	0
D3ZPE5	P50430	0
Q6P0K8	D3ZEF4	0
O70436	O35115	0
D3ZTX0	P07323	0
P12369	Q5M848	0
Q6AZ54	D4A8G3	0
P00564	P97526	0
P97573	D4A4L4	0
O08560	P04631	0
P20761	D3ZFP4	0
P07872	Q9QY78	0
D3ZZV1	Q5I0E7	0
P11275	Q6P5P5	0
Q62839	Q5FVH2	0
Q91Z79	P15205	0
P25099	P28841	0
Q62951	Q99PS8	0
Q62936	P34064	0
O35824	P19804	0
Q4V7F5	P62716	0
P15943	Q62936	0
P70606	P16617	0
Q2IBC5	P63102	0
P06760	P30839	0
Q62951	Q06226	0
O88658	P19492	0
P47971	D4ABI7	0
P20942	P60892	0
Q99JD4	Q6P9U0	0
P62243	Q62991	0
P06238	P62959	0
Q6AY23	Q63690	0
P50617	Q642G4	0
Q09137	Q63187	0
Q63228	M0RCH6	0
P02680	Q63187	0
Q07439	P33274	0
P0C6C0	M0RCH6	0
Q70AM4	P17764	0
P62425	P28480	0
Q5M7A7	Q62667	0
Q63009	Q62825	0
Q05764	Q5BJS7	0
P27791	Q4V8H5	0
Q10758	Q6NX65	0
P07153	Q9QUR2	0
P49653	Q793F9	0
O35240	D3ZTP8	0
Q6P689	Q9EPJ3	0
Q99N34	P12075	0
P21707	Q64578	0
Q64591	Q641Z8	0
Q5U367	Q08464	0
P97838	Q6Q0N1	0
P63036	Q76JQ2	0
P08082	O08873	0
O88797	Q66HA6	0
Q5XIT9	M0R8U1	0
Q62951	B2GUZ5	0
P35704	Q99PV2	0
P19490	Q6IRK4	0
Q63416	Q62931	0
Q9ERH3	P09951	0
P18484	P05503	0
D3ZM68	P07896	0
O08719	P04256	0
P01830	P12749	0
D4A7F2	D4A4T0	0
P61515	Q63187	0
P45592	Q63357	0
P49186	P48679	0
Q9JK66	D3ZEF4	0
P20156	G3V8R0	0
Q8R3Z7	P97852	0
P62494	P15127	0
Q66HA6	Q920B6	0
O88498	F1M8X9	0
P27605	Q8K586	0
Q7TP98	P26260	0
Q8CGU4	Q62812	0
P15431	D3ZPR0	0
Q9JHL4	D3ZEY0	0
P62944	D3ZGN7	0
Q3KR86	Q8K430	0
P25286	P15431	0
O88996	Q62658	0
P41350	Q9Z1P2	0
P62914	P54921	0
D3ZSY0	P09812	0
P07150	Q7TP98	0
P16086	D3ZLN7	0
Q66HD0	D3ZEF4	0
Q5BJU5	Q68FW4	0
Q05982	P24473	0
P07323	B2GUZ3	0
P02466	Q2MJT0	0
O08618	Q6AY86	0
Q6P7S1	P68101	0
D4A7F2	Q8CGU4	0
P35465	Q6AY56	0
P23385	P35053	0
Q66HF1	P55161	0
Q64273	M0RCH6	0
F1LP90	P61810	0
Q5U2Z3	P20942	0
Q5M848	P55215	0
O08561	Q78PB6	0
Q63495	D3ZEF4	0
Q9QZ81	D4A702	0
P28841	P11951	0
P62961	P55063	0
D3ZJR1	D3Z8C7	0
Q9Z1T4	P32551	0
P13107	Q99068	0
Q78P75	Q00566	0
P63269	Q91ZW6	0
Q70AM4	O54980	0
M0RCY2	P49187	0
Q06486	Q6IFV1	0
Q6P9U3	Q505J8	0
P97546	D4ABC5	0
F1LWY1	P13107	0
D3ZD31	Q6P6T5	0
Q9ESS6	Q9QWN8	0
B2RYG6	P15127	0
P06686	P42667	0
A0A8I6A597	Q9JJW3	0
Q66HL2	P52944	0
D3ZZA8	P11517	0
P55797	P62494	0
P34058	P21575	0
Q62931	P15127	0
Q2KN99	P52947	0
Q63787	P20942	0
Q00959	P31421	0
P42930	Q62786	0
P35171	P19357	0
Q62871	Q6PCT9	0
P18421	Q8K430	0
Q63258	Q62786	0
Q4V8B7	Q920J4	0
P62890	P37285	0
Q9QXN1	F1M3L7	0
Q62689	P50617	0
P23565	P33274	0
Q8VI04	F1M842	0
B5DF89	Q9EQH1	0
P07896	P97756	0
F1LQ09	Q498E0	0
Q6P722	Q5M7W5	0
P68403	Q5GFD9	0
P62198	Q66HL2	0
Q5BJU7	P55063	0
Q75Q39	P33274	0
Q63699	P20291	0
P35704	O55043	0
Q6LED0	Q05764	0
P31422	O08873	0
Q7TPK5	P18901	0
Q9JIR1	Q63537	0
D4ABI7	P54921	0
D3ZQL4	O35180	0
Q04631	Q63187	0
D3ZZV1	Q06226	0
Q5U3Y8	P50399	0
P97696	Q6IFV1	0
Q64536	O08701	0
Q9QZX8	D3ZAR1	0
P05503	Q91XJ1	0
E9PU24	Q66H94	0
Q99MZ8	P16636	0
Q3KR92	M0RCH6	0
Q6P502	Q63374	0
O35987	Q7TQ16	0
Q6P742	P97526	0
P0CF24	D3ZEF4	0
P55161	Q63358	0
P63079	O88871	0
P97837	P51577	0
Q9Z1X1	Q6AYR5	0
P21396	Q63187	0
P70673	P08011	0
P08753	P34978	0
Q642B8	P08461	0
P63081	P11711	0
P35281	G3V6H1	0
Q6RUV5	Q7TMA5	0
Q9EP80	P61751	0
Q792I0	M0RCH6	0
G3V612	Q62786	0
P70600	Q9ES53	0
P04631	P98158	0
Q7TP98	O35180	0
P63324	P33274	0
D4A7D6	Q9ES53	0
O55012	B0BN70	0
Q64349	Q5XIG8	0
Q9JLI4	P08921	0
Q62896	D4A1B2	0
P49187	Q9Z254	0
Q499T5	P60892	0
P63100	Q7TNZ6	0
Q794F9	Q6AZ54	0
P53563	Q505J6	0
P07722	O88406	0
D3ZMP6	O35180	0
P07872	Q4QRB4	0
P54645	P97879	0
Q68FV6	P10361	0
O88498	Q64604	0
P81155	F1M392	0
D3Z8E6	Q9WV63	0
B2RZD1	Q9JI51	0
B1WBS4	A1L1I3	0
O88656	Q6P5P5	0
P51579	Q4V7F5	0
Q641X8	Q9JMG6	0
Q4VSI4	Q6Q0N3	0
P55159	P35400	0
P31016	Q505J6	0
Q925G0	Q9JHX4	0
O35142	P33274	0
Q4FZT9	Q01986	0
O55170	P06760	0
Q8K4S7	P70483	0
Q63716	Q62839	0
P08050	Q9JLH5	0
P07153	D4A4T0	0
P70615	P16409	0
Q6IG00	P16975	0
O70467	D3ZFH5	0
Q63787	P54001	0
P36972	Q66HA1	0
M0RC99	O35796	0
M0RCY2	O08962	0
D4AB03	Q6P6T5	0
P69735	D3ZEF4	0
Q6MGB5	Q2TA68	0
B2GV15	Q6IFV1	0
Q6AYT3	Q9WU82	0
D3ZMP6	Q5U2X6	0
P19511	B2GV73	0
Q05546	I6L9G6	0
P35286	Q641Z8	0
Q8K586	O55164	0
Q62839	Q4FZT0	0
Q4V8A2	Q63187	0
O08838	P09117	0
P21575	D4AE59	0
Q9EPV5	P34978	0
Q9Z2Q1	Q9JMB5	0
P35284	Q9WVE9	0
P68403	Q6P762	0
Q9Z2A6	Q9QZM5	0
P08909	Q01062	0
Q71F54	M0RCH6	0
P52873	P41738	0
F1M7Y5	Q8CFN2	0
Q8CFC1	Q6PST4	0
Q62667	P04631	0
F1M8B7	Q9JK66	0
Q00715	D3ZEF4	0
D3ZU83	Q2KN99	0
Q9WVK7	P18420	0
Q76JQ2	Q3T1L0	0
P41499	P15178	0
P06536	P33274	0
F1M842	Q5XIU9	0
Q9EQL9	Q6P762	0
P35570	D3ZC56	0
D3ZR49	P30543	0
Q9EPI6	F1MAL5	0
P63079	Q00960	0
D3ZDS2	D4A9G6	0
D4A055	Q63312	0
D4A7I6	P97610	0
O35889	D4A7F2	0
P97829	D4AE80	0
Q9JHU5	P18420	0
Q3KRD0	E9PTS4	0
Q6PCT9	Q920G2	0
Q9Z0W5	D4A478	0
P63045	D3ZEF4	0
M0R766	M0RCH6	0
P16617	Q5U2X6	0
P12346	A8C4G9	0
Q99JD4	B0BNG3	0
O09139	Q63187	0
P33568	O35413	0
O54980	Q56B11	0
Q6P7S1	M0R6L4	0
Q6AY55	Q6AXS5	0
Q9JKE3	P13107	0
Q920L2	Q9QZR6	0
P29457	F1LMV9	0
Q5U367	D3Z8E6	0
Q9JLU4	P61227	0
D3ZGS3	Q9WTP0	0
O55007	D3ZEF4	0
P62890	P07633	0
Q63699	Q9JLH7	0
Q4V8H5	Q6AYR5	0
P59215	Q9Z2F5	0
P27605	Q68FR8	0
Q3MKQ2	O55166	0
Q8K586	P62755	0
B5DFF2	O54980	0
P35284	D3ZEF4	0
P05696	P16409	0
Q9EPJ3	P70569	0
Q9WVH8	Q9WU82	0
D3ZAF6	F1MA98	0
Q9QXN1	P04785	0
Q08163	P97610	0
P62859	Q62786	0
D3ZAP7	Q62786	0
G3V8Q1	P62859	0
P04799	O35854	0
Q9QVC8	Q8VI04	0
Q00972	Q99PS8	0
P62856	P97838	0
B2GV87	F1M853	0
O35430	P33274	0
F1LXJ9	Q9QZ81	0
P62755	P02688	0
P51577	O35509	0
P23562	D3ZEF4	0
Q62896	D3ZGQ8	0
P35171	D3ZVR0	0
P31232	P54282	0
O89046	Q7TP98	0
D3ZWV8	P41739	0
O35814	P63086	0
O35115	P52947	0
P29147	P07151	0
B0BN19	D3ZEF4	0
Q9JKS6	P49616	0
O54861	Q6P502	0
G3V9N0	Q63312	0
B5DF80	O08962	0
Q9WU34	P30835	0
P55159	P63079	0
P43244	P40615	0
P09217	P82808	0
Q9EQG6	P49950	0
O88884	Q99376	0
Q6P7B0	D3ZVR0	0
O55005	P35571	0
O08722	Q9QXQ0	0
F1M8B7	P34978	0
P11598	Q5XI19	0
Q63787	Q5U2Z3	0
D4AB03	P67874	0
P62859	D3ZEF4	0
P97874	Q63187	0
P32198	Q9WV63	0
D4A9M7	D4A233	0
P70580	Q63768	0
F1MAL5	Q5FVH2	0
O55156	P51907	0
Q63645	B1WC60	0
Q9Z2S9	F1LNS2	0
P02680	P34978	0
P07896	O88846	0
E9PU24	Q920G2	0
B2RZ78	D4A9M7	0
B2GV15	Q06486	0
Q5U2X6	Q63357	0
D3ZGN7	Q6P503	0
Q03555	P97526	0
P33568	Q9Z2J9	0
Q9ERR2	P34978	0
P16636	Q78PB6	0
D4A4T0	O35889	0
Q5XI32	P30904	0
P24090	P12075	0
P13596	Q08602	0
Q9QZ76	Q9Z336	0
Q9EPH8	P12390	0
Q6LED0	P33568	0
P84092	P70496	0
Q6P4Z9	O35824	0
P13803	P82995	0
Q3KR86	Q5PQQ3	0
Q71UE8	I6L9G6	0
G3V9H5	D3ZEF4	0
P28042	P33274	0
Q63073	P31232	0
Q5XIH7	P53563	0
P61212	B2GV74	0
Q07936	P11240	0
P53534	O35826	0
Q62968	Q6AY56	0
P11517	Q06647	0
Q03555	P62804	0
Q3L7M0	P20651	0
P14408	P63088	0
G3V7P1	P40615	0
P23562	P10867	0
Q9JI12	Q9R193	0
Q6AY09	P21531	0
B2GUZ3	D3ZTX0	0
Q63638	Q6B4M5	0
M0R930	P16409	0
Q6AYI1	Q3KRE0	0
P97839	Q9WV63	0
P30904	Q62896	0
P61515	Q2YDV1	0
Q62600	P05712	0
P18421	Q5PQQ3	0
P32182	O88767	0
D4A5X1	Q62921	0
P62718	Q62839	0
Q00438	Q80WE1	0
Q5XIU9	Q9QZK5	0
P04764	P33274	0
Q02294	D3ZEF4	0
P00564	O88656	0
Q03351	I6L9G6	0
D3ZK47	Q99N34	0
B0BND0	P34978	0
Q6MG48	O89035	0
Q9R193	D3ZUD8	0
Q62881	P18666	0
O88506	Q9WVK7	0
Q62931	G3V8D4	0
Q64537	P09217	0
P07151	D3ZIX4	0
P97633	P15146	0
Q6P799	P33274	0
P05371	Q9WV63	0
D3ZGS3	P55006	0
D3ZAK6	Q1WIM1	0
P62718	Q63716	0
O88658	P52504	0
Q0PMD2	P62198	0
Q5EB77	Q5XI32	0
P14925	Q62921	0
D3ZAR1	P62282	0
O89046	P97700	0
O09171	Q5BJT7	0
P26431	Q9WVK3	0
P21670	P07896	0
Q62658	P21533	0
Q6LED0	Q91V33	0
D4A1J6	D4A1B2	0
Q63279	F1M155	0
P63319	P62332	0
Q5FVM4	Q9JLI4	0
O55005	Q7TPJ0	0
F1LN91	P30835	0
D4AC36	Q9JHB5	0
P33568	Q91V33	0
P70566	P47819	0
P35280	P41565	0
A1L1K8	P19357	0
Q9ER34	Q63187	0
P50463	O88339	0
Q5XHZ0	O55164	0
P19357	Q641Z8	0
Q5U1Z2	P54256	0
Q5I0H3	P10536	0
G3V6L9	D3ZER6	0
Q5XIH7	O70437	0
Q6PEC4	O08839	0
O88846	Q3SWU3	0
Q9Z336	Q00972	0
Q66H94	Q6PCT9	0
P49187	Q9JLZ1	0
O35547	Q04666	0
Q8CFN2	Q4V8B5	0
A8C4G9	P33274	0
P62268	B4F7C9	0
Q64349	P83732	0
O35814	Q5XIH7	0
P70500	Q63638	0
Q63722	D4AB03	0
O08617	Q63342	0
Q63279	D3ZEF4	0
Q9QX69	P18596	0
P51111	Q6AY56	0
P35280	P05982	0
P69897	P37090	0
A0A0G2JZ79	Q66HA1	0
Q2IBD4	P62193	0
P97837	Q8CJB9	0
P41565	P22062	0
Q9QYK2	P23441	0
O54715	P49744	0
O88751	B2GV73	0
P21531	Q641Y2	0
P56536	P82995	0
D3ZLN7	Q63645	0
Q9QZ81	Q3MIE4	0
P07896	Q63503	0
Q9JHL4	D4A4D5	0
D3ZWF5	P21708	0
Q68FV6	Q9JHL4	0
B2GV74	Q06647	0
P29457	P41350	0
D4A229	P62836	0
Q62997	Q2PQA9	0
Q9ES38	P07722	0
P35286	F1M4P5	0
Q9ES38	P63036	0
P04799	P62994	0
P19490	Q64604	0
Q5U2X6	P45592	0
O35458	Q62968	0
Q62718	P31596	0
Q4AEF8	P97846	0
Q62667	D4AE80	0
Q63617	Q6P9U3	0
Q6Q0N1	Q6PDU4	0
P50232	P01134	0
P69897	Q63584	0
Q80ZA3	Q6P7S1	0
F1M4A4	P56603	0
Q63965	Q5PPL3	0
Q6P6S3	Q05941	0
P97519	Q99JD4	0
B2RYN7	Q04589	0
Q71F54	D3ZEF4	0
Q9Z2Q1	P41499	0
P02650	Q62786	0
P63036	Q8K430	0
Q78P75	Q62786	0
Q63622	Q5XIU9	0
P32089	P18666	0
Q62985	Q63187	0
Q6MG60	Q568Z4	0
P19359	D4AE41	0
Q6IRK9	Q6PDU7	0
P35281	Q8VHI8	0
P34900	P62813	0
Q9WUF4	P21571	0
P60517	Q99376	0
P49186	D4A9D6	0
P30839	F1M4P5	0
Q6VBQ5	P18596	0
Q9ES39	Q62786	0
Q62910	D4ADD4	0
B0K019	D3ZS28	0
Q6P6T4	Q5XIP9	0
P17325	P56603	0
P84082	P82471	0
Q9WUJ3	P33274	0
M0RCY2	Q9JLZ1	0
D3ZML2	Q62786	0
P17209	P98158	0
P07897	P60123	0
F1M9B2	Q63604	0
B5DFM8	Q91Z80	0
O88900	P18088	0
Q9Z325	Q63228	0
O55156	Q9JMG6	0
Q9EP88	Q07936	0
Q8R5K6	Q641W9	0
P63281	Q02874	0
P63170	Q64560	0
Q8VBU2	Q9R063	0
Q0PMD2	O35147	0
P19327	P26431	0
P59215	Q63746	0
Q9Z1W6	Q9EQG6	0
P08644	P29066	0
P11506	P97610	0
O35116	Q8K5A9	0
P70500	P47863	0
Q52KJ9	P05714	0
P31388	D3ZS28	0
Q80W92	P33274	0
Q63881	O70248	0
P24470	Q63537	0
Q68G38	P60203	0
D3ZEN2	P19490	0
Q63881	P49185	0
Q5BJK8	Q3SWS8	0
P58200	P55063	0
P55067	P97837	0
P00507	P48679	0
Q9JHU5	P10860	0
D3ZCG0	Q7TPB1	0
Q5RJQ8	P18265	0
Q68FR8	Q3KR97	0
P53565	O35552	0
Q5EB77	B0K019	0
Q5XIP1	M0RCH6	0
Q9JJ40	O88917	0
Q05683	B2RZD5	0
O55156	F1M4I4	0
P05712	Q5GFD9	0
D3ZD48	F1LMY4	0
Q6LED0	O35964	0
P30729	Q9Z2L0	0
D3ZN21	P11232	0
Q6P742	M0R5T4	0
Q6MG82	Q62786	0
P31423	D3ZC56	0
Q08464	P30427	0
P62914	D4A229	0
D3Z8E6	P09483	0
Q68FW4	P49616	0
Q920A6	P04785	0
O09139	P34978	0
P35286	Q6P9U0	0
Q9WVK3	P70483	0
O70248	Q6AY21	0
Q5XI43	P07340	0
O55156	Q641X8	0
D3ZDS2	Q6AZ54	0
P09416	Q9EP80	0
Q9WV48	P53565	0
O08769	P97838	0
P24090	Q09325	0
Q5RJQ4	P62483	0
F1M8B7	Q9ES39	0
D3ZRM9	P50399	0
O08679	Q8CFC1	0
P21571	P05696	0
Q62739	Q62717	0
D4A4D5	Q8K430	0
Q9WTW1	O35921	0
O35430	P70478	0
P19627	B0BNK1	0
Q64119	Q99376	0
Q9JK11	Q9QY78	0
P35353	Q6PCU2	0
Q07071	Q9R1M7	0
Q63598	P08485	0
Q9JJ19	P26433	0
Q6IMK2	P43527	0
B5DFH3	F1M4P5	0
P60868	Q62844	0
F1M386	P61589	0
Q7TP34	P18090	0
Q9Z325	P33274	0
P62198	P62836	0
Q03410	B0BN20	0
P05714	Q2TA68	0
B1WC56	Q63448	0
P21670	P97756	0
Q6QLM7	Q64536	0
P15865	D3ZEF4	0
Q62739	Q9QYK2	0
Q9Z0W5	O08701	0
Q794F9	Q920P6	0
Q9ES39	Q63187	0
P97839	P32198	0
P05178	D3ZTE0	0
Q9JHZ4	Q6JHU9	0
O70127	G3V8T5	0
P62193	O08701	0
P21571	P16409	0
Q5FVM4	F1M5H6	0
Q3KRD0	P16086	0
P97519	O35115	0
P14925	Q8CFN2	0
P63259	Q62786	0
Q64536	P17074	0
Q9WVI4	P23441	0
P13383	P45592	0
P52873	P07335	0
P07171	D3ZFA8	0
O55012	B2RYP4	0
P84060	P31424	0
Q99N27	P27049	0
D4AE59	Q6DGG9	0
Q99PD4	Q6JP77	0
P05065	D3ZEF4	0
P54645	Q9JI85	0
P47853	D3ZD05	0
Q5FVH2	P28494	0
P49816	Q9QWN8	0
P20070	P00884	0
D4ABI7	O35147	0
P62824	P20651	0
P61805	Q6DGG9	0
B5DFN2	O88453	0
Q9JIR4	D3ZT20	0
Q9JI51	Q460M5	0
Q566E4	P35435	0
B2RZD5	Q2TA68	0
P68403	Q9EPH8	0
P97852	P13233	0
P36372	Q794E4	0
Q8K586	Q68FR8	0
P14659	Q6IFV1	0
Q8CFG6	Q64620	0
Q63610	P33274	0
P17077	Q01062	0
P27791	Q6AYR5	0
Q5FWT1	E9PT04	0
P38983	D3ZEF4	0
Q01714	Q07071	0
P60517	F1M4N6	0
O35179	Q68FX4	0
P28480	Q5XIN6	0
Q641Z8	F1M4P5	0
Q63524	Q01714	0
Q64315	P30835	0
P83941	P97756	0
P48284	Q9QYU4	0
Q3KRE8	P07896	0
D3ZB14	P16975	0
O09175	F1LP90	0
Q8VI04	P70579	0
P34901	P17074	0
P62278	Q6P7A9	0
Q9JK11	P52481	0
P15431	B2GUV5	0
Q63081	P07632	0
P06687	P58200	0
P35570	Q4QQW4	0
P70478	P33274	0
P21533	P36506	0
Q6AYT3	Q6RFZ7	0
O88801	P15178	0
Q6MG82	P19969	0
P97519	P06760	0
O55164	Q68FR8	0
Q9JI12	O88917	0
Q6PCT9	Q3MIE4	0
O55007	Q63187	0
Q9JIL3	Q2MJT0	0
Q64194	G3V9R8	0
D3Z8E0	P04218	0
Q08851	Q6TUG0	0
Q1WIM1	Q9Z2Q4	0
P10867	P33274	0
Q5I0E7	P23514	0
Q6PCU2	Q9JHY2	0
P61983	P33274	0
O88453	P30835	0
P69736	D4AE06	0
P17325	P07896	0
Q6AY09	P84586	0
Q07009	Q925G0	0
P39052	P41135	0
P02680	D3ZEF4	0
D4A5I9	D3ZCF8	0
B2GV24	P34978	0
P0C0S7	P11240	0
Q63083	Q5FVH2	0
P62271	D3ZAA9	0
Q9JJ40	A0A0G2JZ79	0
Q62876	Q6AY56	0
P19511	P31423	0
Q9QVC8	Q5XIU9	0
P19357	Q71UF4	0
F1M4A4	P17325	0
D4ACV0	Q5RKI1	0
Q5U318	P97526	0
Q00566	M0RCH6	0
Q9Z1K9	Q3MIE7	0
Q5U3Y8	P68370	0
Q5XFX0	P68370	0
Q5XI32	P00406	0
Q5M9G3	P50232	0
P28075	P61016	0
E9PSY8	O88761	0
Q08602	Q9WVK7	0
Q925S8	Q00959	0
P12527	P10634	0
P24942	Q01714	0
P50463	P48037	0
Q9JLH5	Q9QYK2	0
Q63537	M0RDD7	0
P62775	D3ZEF4	0
D3ZAS1	P62494	0
P69897	D3ZTE0	0
P19969	Q63187	0
Q6P7B0	Q9R044	0
Q62645	P28572	0
Q9JIS1	P35286	0
P49653	P10361	0
Q7TSE9	Q7TP47	0
P84060	P20788	0
Q8R515	D3ZAP7	0
P17325	Q63503	0
Q5PPJ9	P20650	0
M0R766	Q63187	0
P36372	D3ZWF5	0
P19234	Q924S5	0
P85108	Q6AY56	0
Q80Z30	D3ZDR9	0
Q9QY78	O88764	0
P05714	Q6AXS5	0
D3ZWQ5	Q5BJT7	0
Q4G061	Q62921	0
B1WC60	D3ZLN7	0
P45592	P26260	0
Q63692	F1M0J7	0
O88382	Q641X8	0
P60711	P02688	0
Q5XIP1	Q62786	0
Q6GQP4	P29117	0
B0BN70	P53767	0
P52632	Q9Z270	0
Q9ESS6	P49816	0
D4A4D5	Q9JJK1	0
Q6IRK9	Q63016	0
O88767	P47971	0
Q8R2E7	Q920P6	0
Q09325	D3ZB48	0
Q4AEF8	Q71RJ2	0
D3ZSY0	P07633	0
Q9ERR2	Q62786	0
P26260	Q5U2X6	0
P05982	P36876	0
P31977	P40241	0
Q562B5	Q6IFU8	0
Q812E9	M0RCH6	0
E9PU24	Q6PCT9	0
P05182	Q9JHW0	0
P32089	P63100	0
P63086	A0A0U1RS25	0
Q9Z214	D3ZTE0	0
P55067	D4ABI7	0
D4ACN3	Q8VHV7	0
Q6RFZ7	Q68A21	0
B0K019	P31388	0
Q5XIT9	P49744	0
O88658	G3V8T5	0
E9PT04	D4ABC5	0
Q99P77	Q9JI12	0
Q920P6	Q63269	0
Q01205	P63281	0
F1M9D6	D3ZEF4	0
Q811A2	Q1WIM1	0
P17074	Q62640	0
Q07266	A0MZ67	0
P11730	P33274	0
Q75NI5	F1M853	0
Q5BJY9	P05982	0
D3ZCS4	B2RZ78	0
P42260	Q80ZA3	0
P06238	D3ZRK7	0
P17078	Q63187	0
P31722	P70615	0
P61805	P17164	0
Q64273	P34978	0
P19024	O88600	0
Q63531	P52947	0
P62268	P27881	0
P97639	P21707	0
P19527	Q71RJ2	0
P10760	P10634	0
P63018	Q6AYI1	0
P10760	Q09073	0
D3ZRC4	P21213	0
P21807	P50617	0
Q63258	M0RCH6	0
Q63470	G3V8A5	0
P60192	P09034	0
P62762	O35179	0
P04961	P82995	0
P31232	O88917	0
Q6PDU4	Q2MJT0	0
Q9JIS1	Q6P9U0	0
Q63635	Q6Q0N3	0
Q05962	Q9JMG6	0
P56536	D4AE06	0
F1M9D6	Q62786	0
Q810W7	O54980	0
Q62640	O08701	0
P97700	Q7TSE9	0
Q9QY17	P63170	0
Q62717	P62198	0
P62916	Q63187	0
P52164	P13596	0
Q4KLI7	Q9JKE3	0
P54313	P18090	0
Q9EPI6	Q5FVH2	0
Q5FVH2	I6L9G6	0
Q9WVE9	Q62696	0
Q7M0E3	Q4QQT4	0
P29101	Q6P685	0
Q62634	P62994	0
Q99P82	P33274	0
P08753	Q66H98	0
Q9JHB5	Q6P6T5	0
D3Z8C7	Q63965	0
Q80WL2	P33274	0
Q99N34	D3ZB48	0
P32577	P04785	0
F1M5H6	P08921	0
P29147	Q4KM98	0
O70143	M0RCH6	0
P83732	O35763	0
P07150	Q63357	0
Q4G067	Q642G4	0
Q05962	F1M4I4	0
D3ZMR2	D3ZER6	0
Q9JI85	P97879	0
P13803	P69736	0
P83941	P07896	0
P62138	D3ZWQ5	0
P07340	Q6P503	0
P30337	Q03114	0
Q4AEF8	B1WCA1	0
P11598	P01134	0
O70143	Q63187	0
P35281	Q6AYI1	0
D4A7N1	P14480	0
Q02759	Q03114	0
P0C5H9	D4AE06	0
Q64537	Q6P9U3	0
D4AE59	Q63374	0
Q08877	O35115	0
O08651	Q5PQQ3	0
D3ZJZ0	Q62908	0
P35465	Q8K430	0
Q5XHZ0	Q68FR8	0
D3ZF50	P33274	0
P07895	D3ZIE1	0
Q3KR86	P04636	0
Q63073	P35571	0
O54960	P62944	0
Q63120	Q4VSI4	0
D3Z8C7	Q00954	0
Q5M7T6	Q32KJ5	0
B1WCA1	P47860	0
O35152	Q9JLJ3	0
Q6AYC9	Q8VBU2	0
E9PTS4	P50398	0
P80204	Q6P742	0
Q5XIH3	O35180	0
P52164	O88506	0
P48548	M0RCH6	0
Q63321	P12841	0
O89035	O88764	0
P61765	P53563	0
Q920A6	Q63396	0
O88797	P34058	0
P48679	A0MZ67	0
P07154	P18484	0
D3ZAA9	P63012	0
Q09137	D3ZEF4	0
Q00972	Q9QXU8	0
P18265	P85970	0
P12075	D3ZB48	0
P52188	P35738	0
P10111	P06760	0
D3ZK47	P06686	0
O88658	D3ZVH6	0
P09495	Q63187	0
Q5M843	P50878	0
Q8VHI8	G3V6H1	0
D3ZEF4	P34978	0
B2GV24	D3ZEF4	0
P62994	O35854	0
Q9Z1P2	O88761	0
B5DF89	P21531	0
P61621	Q63531	0
Q9QX74	D4ABC5	0
Q63942	Q925S8	0
O88797	Q920B6	0
P62916	D3ZEF4	0
O55164	P27605	0
Q64568	Q62739	0
P37089	Q63092	0
Q9QZX8	Q9JI66	0
F1M4A4	Q3SWU3	0
B4F7E7	P42667	0
P70673	Q66HA1	0
G3V8D4	P51111	0
Q9JHW0	Q9JHB5	0
F1LSG8	Q62786	0
Q9QY78	Q4QRB4	0
Q5XHX3	Q9Z1P2	0
Q641Z4	Q62786	0
Q62950	P34978	0
P26376	D4A4D5	0
Q68FP1	P17220	0
P00507	P49186	0
G3V8S0	Q32PX6	0
Q9R044	O35115	0
Q7TPK5	P40112	0
P23562	O08775	0
P38656	P33274	0
Q8VHW5	Q62786	0
Q4V8B7	Q63016	0
Q64315	Q5U2X8	0
D4A2Q7	Q62888	0
O08651	Q6AY56	0
Q3L7M0	Q5FVQ4	0
P53042	P34978	0
M0R8Z5	P33274	0
Q62976	P83941	0
Q9Z1A6	Q60587	0
P62907	O88588	0
P70606	P16975	0
Q63187	P34978	0
Q64122	D3ZZK3	0
Q6RUV5	P29117	0
Q08463	D3ZEF4	0
Q8R490	D3ZRK7	0
P20651	Q63638	0
P05503	Q9JLI4	0
P22449	F1LUA1	0
P63245	D3ZNQ6	0
P70600	P67999	0
Q5FWT1	D4ABC5	0
P35739	G3V7P1	0
Q66HA6	P20059	0
Q6AY86	P18576	0
Q642B8	O35152	0
Q6MG82	F1M392	0
O88869	Q5I0G4	0
B4F7C9	P11530	0
P62278	P56536	0
P85108	P62494	0
B0K019	Q5M824	0
F1LUW9	Q04666	0
O35274	Q4G061	0
Q9R193	Q56B11	0
Q6AYS7	P63074	0
P11232	P24050	0
B1WC56	Q9Z1E1	0
Q4V8B5	Q925Q9	0
O35274	P14925	0
P62853	P19357	0
P62963	Q6AZ54	0
P05065	Q62786	0
D4ACA6	O54980	0
O08774	P97610	0
D3ZFH5	Q64725	0
Q63053	D3ZHV2	0
Q9Z1W6	Q460M5	0
Q9ES08	Q63228	0
D4A563	P04636	0
O88764	P52481	0
P06760	Q64591	0
P61765	P63086	0
Q63073	O88498	0
Q6IMK2	P49134	0
Q00954	Q5PPL3	0
Q68A21	Q4QQT4	0
O88763	P22062	0
G3V928	P69736	0
Q8R512	P70579	0
P63045	Q66H98	0
Q68G38	P18088	0
P54313	Q7TP34	0
Q63226	P97852	0
O55156	O88382	0
Q9JHB5	P21533	0
Q5XIP6	D3ZEF4	0
Q6P3V8	Q64119	0
P08503	Q2TA68	0
Q794E4	P06882	0
Q9Z269	Q62786	0
Q5U2V8	D3ZFA8	0
Q8R5K6	P84100	0
P16638	Q63081	0
Q6AZ54	D4A9G6	0
B2GUV5	D3ZD31	0
P0C6C0	D3ZEF4	0
Q09137	M0RCH6	0
D4A4K3	P97852	0
P48721	P40112	0
Q9Z2L0	P23606	0
Q9WV78	P69682	0
D3ZEY0	P04636	0
Q8VIB2	Q920M9	0
F1LSG8	D3ZEF4	0
Q9JJ54	Q64725	0
Q62997	D3ZEF4	0
Q68FS2	D3ZAA9	0
P62718	Q4FZT0	0
E9PSL7	P33274	0
P12001	Q5XII0	0
Q6P6V0	P32551	0
Q5I0G4	P23965	0
Q6NX65	O54861	0
D3ZEN2	Q64604	0
P0C6C0	P34978	0
Q8VHW5	Q63187	0
B4F7C9	Q08851	0
P47971	P62836	0
Q3KR92	D3ZEF4	0
Q01986	Q63345	0
D4A229	Q63538	0
P06687	P62278	0
P33535	P18484	0
Q3KR86	D4A4D5	0
P31720	Q63645	0
Q2IBD4	P08592	0
Q78P75	P15791	0
M0R9C6	P70600	0
O88813	Q920A6	0
P0C5H9	P17220	0
D3ZWQ5	P13084	0
P40307	Q00954	0
O09139	O35412	0
P19527	P70483	0
O08617	G3V9N9	0
P40307	Q5PPL3	0
D3ZZK3	P36372	0
Q925G0	Q63531	0
D3ZHX2	Q5XHX3	0
P07687	Q53AQ4	0
P41034	P10037	0
P17046	Q9R044	0
Q9ES40	Q07266	0
F1LXJ9	D3ZAS1	0
G3V802	P13383	0
P18901	Q05941	0
P63086	Q9R0I6	0
D3ZBI1	D3ZEF4	0
Q6P6T5	P67874	0
Q01177	Q9WU34	0
Q5FVC2	Q63028	0
Q4V8B7	P51111	0
Q64725	P82808	0
D3ZSY0	P05179	0
Q9Z1P2	Q6P502	0
P63281	P97852	0
Q00959	P14562	0
Q3L7M0	Q63638	0
Q00566	D3ZEF4	0
D3ZZH2	P18576	0
P20650	Q62952	0
D4ACA6	P17764	0
Q9Z1K9	Q00960	0
P21575	Q4G067	0
B0BN19	P34978	0
Q5XIM0	P02688	0
P27008	D3ZEF4	0
Q9Z1W6	P49950	0
D3ZRC4	P70483	0
P56558	P63039	0
P19225	P11232	0
P09416	P61751	0
F1M386	P97838	0
Q99NA5	P33274	0
B2GV24	M0RCH6	0
D3ZUI5	M0RCH6	0
P11505	O08816	0
P15943	Q6TUG0	0
Q9Z2Q1	P15178	0
Q9JLH5	P63329	0
Q63355	O08769	0
P06211	P26433	0
Q4AE70	Q5FVQ4	0
P19234	P15651	0
D4A4L4	Q925G0	0
Q63750	P30937	0
P27682	Q8VI04	0
Q9EQG6	P48679	0
Q920J4	P07722	0
O35413	P04937	0
Q5U2Z3	Q5XIA1	0
P53563	O35433	0
Q794F9	D4A9G6	0
Q91Y81	Q9WU34	0
Q63470	Q6P685	0
P62243	P62260	0
Q5FVM4	Q91XJ1	0
Q5XI86	G3V8D4	0
D3ZZV1	Q68FQ0	0
Q62825	P53610	0
P63245	Q6AY21	0
B2GV24	Q62786	0
P19024	F1LZ05	0
Q3MHS9	Q01714	0
Q01714	P67999	0
Q4VSI4	P10633	0
D4AEP3	O35094	0
Q63881	Q3T1K5	0
P97836	P07150	0
P49432	O35180	0
Q63503	P56603	0
Q9JKE3	P34926	0
P04762	Q62997	0
P52188	Q5BJQ5	0
Q6P4Z9	Q4KMA1	0
Q63187	D3ZEF4	0
P09483	Q5U3Z7	0
Q4AE70	Q3L7M0	0
Q63016	P07722	0
Q0PMD2	D4A229	0
P51638	O09171	0
B2RZD5	P05714	0
Q64428	P09117	0
P30839	Q9JHX4	0
Q6QI68	Q6P799	0
P20942	Q5XIA1	0
Q62813	B5DEH2	0
G3V7P1	P19332	0
Q68FY0	D3ZEF4	0
Q5RJQ8	Q63448	0
Q62623	D3ZEF4	0
Q99PV2	O55043	0
P11951	Q5I0H3	0
Q8VHV7	Q6P762	0
Q505J9	P97536	0
Q62636	Q63187	0
Q3MHS9	P26769	0
O88797	Q62689	0
P09495	M0RCH6	0
B2RYP0	P10608	0
Q9EP88	P11240	0
D4A7D6	P70600	0
M0R8B6	Q6AY21	0
F1M842	P70579	0
Q4V8E7	P34978	0
Q63615	P56571	0
D4A478	P97924	0
P17074	Q3KR94	0
D4ACB8	P51907	0
B5DEN5	P11507	0
P13832	P23441	0
Q7TNJ2	F1LQ48	0
Q8R3Z7	P13233	0
Q5XIP1	P34978	0
P40307	D3Z8E0	0
P15791	P34978	0
Q9WUD2	Q62968	0
D4A414	O70277	0
B1WC42	Q7TMA5	0
B5DEN5	Q63187	0
P85515	Q99376	0
D4A9L2	Q62921	0
B5DF80	M0RCY2	0
P06211	O70260	0
Q6P0K8	M0RCH6	0
Q9Z1P2	F1LMV9	0
P09483	P63142	0
Q5RKI5	O08560	0
P58200	Q8CGZ2	0
P41135	P13471	0
Q5I0H3	P15999	0
A2RUW1	P61959	0
Q62826	Q62786	0
B5DFC3	P23965	0
G3V9N0	A7U7N4	0
F1LW22	P63170	0
O35314	Q08201	0
P63035	P33274	0
O70351	P07151	0
Q9QVC8	P70579	0
Q5U1Z2	Q9EPC6	0
B5DEK2	P33274	0
Q62921	P10499	0
P62853	P35467	0
P04797	P09117	0
D3ZHV2	Q91XJ1	0
P70606	Q7TSE9	0
P12390	Q5GFD9	0
Q03351	P28494	0
Q63053	F1M5H6	0
Q04631	Q63258	0
Q68FR9	Q2TA68	0
P20059	O88761	0
P15431	D3ZS28	0
Q9Z1E1	P63012	0
P26769	Q9R1M7	0
F1M7Y5	D4A5X1	0
Q5U367	P30427	0
Q63666	Q9Z200	0
Q5M843	D3ZFA8	0
E9PT04	P98158	0
Q5XI51	P63100	0
Q4KM74	P17764	0
F1LQ48	Q80Z30	0
E9PT04	P97546	0
Q9QZR8	D4ADE5	0
O70257	P80385	0
Q9Z1P2	Q63374	0
P21396	Q62786	0
Q5U2X8	Q9WU34	0
P34064	D3ZBN0	0
Q5XIP6	Q6AYA5	0
F1M9B2	M0RCH6	0
Q9JLH6	Q63151	0
P48721	P18901	0
D3Z8C7	Q5PPL3	0
P48004	Q9JK66	0
P49432	P26260	0
Q9QX74	P98158	0
Q5EGY4	Q793F9	0
P26772	P36370	0
P30937	P52296	0
Q9JMJ4	Q6AYR5	0
P21707	P20761	0
Q07071	D3Z8W1	0
Q91Z80	Q01062	0
Q6QI16	Q02294	0
P04639	P37285	0
P13264	Q71RJ2	0
Q6IRK9	Q920J4	0
P63100	P62961	0
Q4G067	Q920B6	0
Q01714	P26769	0
Q3KR86	B2RYG6	0
P21533	Q6P6T5	0
P17046	P63102	0
Q9R186	Q9JJK1	0
P63245	G3V8S0	0
Q4G061	D4A9L2	0
P62853	P05545	0
Q63016	O88406	0
P15651	Q9JIS1	0
D3ZAA9	P11442	0
Q66HA1	F1M8X9	0
Q5XIA1	P60892	0
P69735	Q63187	0
Q5XIM9	Q5I0E7	0
P35435	P15127	0
Q9Z252	F1M4I4	0
O08679	Q6PST4	0
Q9JI12	Q810W7	0
P83941	P56603	0
Q9EQV6	Q63448	0
D4ACN3	P68403	0
P21396	D3ZAP7	0
Q62889	Q4V8E7	0
P19939	Q8VHI8	0
P52164	Q08602	0
P11167	P02600	0
P61212	Q9JLS3	0
Q505J8	Q9JJ54	0
P48284	P47196	0
O70248	Q32PX6	0
P60901	Q9JLU4	0
P23358	Q9QZR8	0
P63142	D3ZJE2	0
P62246	P09456	0
D4A332	Q63187	0
Q9Z2J9	P62628	0
P16617	Q7TSE9	0
P08592	Q64122	0
P63326	P07151	0
P62963	D4A9G6	0
Q07071	Q4QQV0	0
F1M8X9	Q499V0	0
D4A3H3	P33274	0
B2GV15	P62832	0
Q9HB97	D4A208	0
Q5XI51	Q5BJU7	0
P26433	Q5PQL2	0
P08649	C0JPT7	0
P68403	D4A7I6	0
Q5RJQ8	Q8R491	0
D3ZM68	Q3KRE8	0
O35567	P33274	0
B2RYP4	D3ZZK3	0
P13086	O35240	0
Q07120	Q80WA4	0
Q9ESW0	Q63187	0
Q4KM65	P19024	0
Q5RKI5	P04631	0
P08909	P07727	0
P62882	P17074	0
P06761	Q5XHX3	0
Q99M64	P33535	0
P29067	M0RCH6	0
Q9QWN8	Q62627	0
B5DFJ4	P04642	0
P26453	P25099	0
Q6P0K8	Q63187	0
Q05140	P49744	0
D4A478	O08701	0
Q6DGG9	Q6P502	0
Q63503	O88846	0
P37377	Q9Z0U4	0
P02454	P20417	0
Q9QUH6	Q9EPH8	0
P24470	M0RDD7	0
O35433	P31016	0
Q62739	Q9JLH5	0
Q99M64	O35353	0
B2GV87	Q9Z0V6	0
P24473	Q498E0	0
P84060	P33274	0
O35826	Q64620	0
Q3T1K5	Q6AY21	0
P04636	Q8K430	0
O35964	O35796	0
P32851	P97924	0
Q62881	P63100	0
P41034	B5DEH2	0
Q5FVI4	Q00961	0
D4A2Q7	P61621	0
P35280	P67874	0
Q9QX69	D4A4T0	0
Q920P6	D4A8G3	0
P15791	D3ZEF4	0
Q6AY23	P18088	0
Q75NI5	P62250	0
P31720	D3ZLN7	0
B2GV73	P08485	0
P38983	Q63187	0
Q68FR6	Q63584	0
P22002	P33274	0
Q62931	Q6AY56	0
P09811	O08700	0
P62815	D4A4L4	0
Q5XI81	Q63187	0
Q5BJU7	P63100	0
Q63073	Q7TPJ0	0
O35264	P15791	0
D3ZFP4	Q63507	0
M0R8B6	O70248	0
P26433	O70260	0
Q62824	O54861	0
Q63503	Q8CH84	0
P68255	M0RCH6	0
Q4AE70	Q63638	0
B0BNJ0	Q561S0	0
P53042	Q62786	0
P01134	Q5XI19	0
P56536	P04961	0
Q62881	P62961	0
P37136	P67874	0
P97612	Q5FVC2	0
O35303	Q9EPB1	0
O08839	P10633	0
D3ZHV2	Q9JLI4	0
Q5FWT1	P29419	0
Q66H12	P31423	0
P36972	Q9JJ40	0
P19939	Q64560	0
Q6P6S3	Q6P6R2	0
Q4V8B7	Q6PDU7	0
Q6IN36	P39052	0
F1LQ48	P12839	0
D4ACN8	P31232	0
G3V9H5	Q63187	0
D3ZDS2	D4A8G3	0
D3ZT20	Q9Z252	0
P08081	Q62786	0
P80204	P62804	0
Q9EPC6	P20417	0
Q2IBD4	Q9Z0W5	0
P52504	G3V8T5	0
P12785	P61810	0
Q6AYA5	Q62786	0
O35180	Q7TP47	0
P19490	F1LQ48	0
O54960	D3ZGN7	0
Q71RJ2	P70483	0
P07687	P49950	0
O08623	P10361	0
F1LQY6	P33274	0
F1MAB7	Q63187	0
P40112	P18901	0
Q9EPI6	Q71UE8	0
P09895	Q63187	0
Q6P6R2	Q05941	0
Q62927	D3ZEF4	0
P05065	Q63187	0
Q9JK11	P13721	0
O35264	P34978	0
P10719	D3ZAA9	0
P34901	Q6QLM7	0
P51974	Q62786	0
Q63321	F1M1B3	0
D4A9D6	Q460M5	0
P63144	P33274	0
Q68FS9	Q62786	0
Q08163	P12390	0
O70351	D3ZIX4	0
Q5PPJ9	P60123	0
Q9JI85	P02706	0
P19332	P62959	0
Q8CH84	O88846	0
P63012	P11442	0
P62989	D4ABC5	0
P21670	O88846	0
O88350	M0RCH6	0
P47863	Q6B4M5	0
Q5XIM9	Q06226	0
Q63584	D3ZTE0	0
Q68FV6	Q3T1L0	0
Q91ZY8	Q32KK2	0
D4A5I9	Q6KC51	0
Q5EB77	P30904	0
P17078	M0RCH6	0
O35827	M0RCH6	0
Q7TSE9	Q63357	0
P13383	D3ZB14	0
P02466	Q6PDU4	0
P15146	Q63507	0
O35180	Q7TSE9	0
D3ZAK6	Q3KR97	0
P86182	D4A1D8	0
B4F7E7	P06686	0
Q9ERH3	Q3KRE0	0
Q63716	P15337	0
P53767	P13941	0
P08909	Q91ZW6	0
P38983	Q62786	0
P40307	Q63965	0
F1M8B7	M0RCH6	0
P85969	O08875	0
P35281	Q9ERH3	0
Q5XI86	P51111	0
P42667	Q99N34	0
D3ZUL1	Q63355	0
Q4FZT0	Q5FVH2	0
P25095	Q9JHU5	0
P09811	P33274	0
P35213	P97710	0
P39052	P10634	0
P0C6C0	Q62786	0
O08839	Q6Q0N3	0
P32198	D3ZJE2	0
Q8K430	Q6AY56	0
P17078	P34978	0
Q9JJ40	P35571	0
P50408	Q5PQL2	0
P32182	Q4L1J4	0
D4ABT8	Q62952	0
E9PTY0	F1M5H6	0
Q63396	P04785	0
Q8VHV7	Q9EPH8	0
D3ZIC4	P56571	0
P55068	D3ZKR9	0
Q62968	G3V8D4	0
P11275	Q9WVB1	0
P06761	D3ZHX2	0
F1M0J7	G3V6S8	0
P85108	P15127	0
Q9Z270	Q5U1Z2	0
P15865	P34978	0
Q3KR86	Q9JHL4	0
P31722	M0R930	0
Q9R012	P54921	0
P04799	Q62634	0
P20651	Q5FVQ4	0
Q91ZY8	B5DEH2	0
Q63690	Q7TNJ2	0
Q9JK66	P34978	0
P83941	P17325	0
Q460M5	P48679	0
P10760	P41135	0
P63245	Q3T1K5	0
O70260	Q5PQL2	0
Q9Z1P2	E9PSY8	0
P08290	P47863	0
Q5BK07	Q7TPB1	0
D4A4D5	Q5PQQ3	0
Q8R2E7	Q6AZ54	0
O35889	Q8CGU4	0
D4A1D8	P52944	0
P31423	Q4QQW4	0
Q3KR97	Q1WIM1	0
Q08851	Q68FW4	0
Q9EPV5	Q63187	0
Q53AQ4	P49186	0
Q99MZ8	O08561	0
Q66HD0	M0RCH6	0
Q6P9T8	P62161	0
P04961	D4AE06	0
D3ZDS2	Q63269	0
P11980	P32851	0
O88869	Q66X93	0
Q9QX74	P62989	0
Q3MHS9	Q07071	0
P62813	Q6AYD3	0
Q4KM98	Q3T1L0	0
G3V8A5	P07895	0
Q63622	F1M842	0
Q9WTT6	Q641Y8	0
Q80WE1	Q562B5	0
G3V8D4	P55797	0
O55043	P52632	0
Q9WVC0	P09456	0
P31977	P35400	0
P62271	P10719	0
P49185	D3ZNQ6	0
D3ZK47	D3ZB48	0
P61589	P97838	0
P42260	P50398	0
D3ZRK7	Q6P777	0
P05179	Q63028	0
P24470	Q9JIR1	0
D3ZX56	D3ZEF4	0
D3ZNQ6	G3V8S0	0
P97846	P47860	0
Q04462	Q99376	0
Q62921	G3V824	0
Q63635	P10633	0
P21531	Q4V7E8	0
P63331	D3Z8E6	0
A2RUW1	Q08464	0
P31421	Q07984	0
Q4V892	P62762	0
P53563	P31016	0
P85515	P84889	0
P34064	Q6TUG0	0
P13941	Q794E4	0
Q6P6S3	P0DJJ3	0
F1M3L7	P04785	0
Q811A2	Q9Z2Q4	0
D3ZBI1	P34978	0
Q6PST4	D3ZRK7	0
D3ZQR6	Q62638	0
Q62826	D3ZEF4	0
Q9QXU8	D3ZSY0	0
P37397	M0RDD7	0
P34058	Q66HA6	0
P10633	Q6PEC4	0
Q63454	O54861	0
P63079	P35400	0
Q68FR9	P62752	0
Q4FZT9	Q63345	0
P53042	P04157	0
G3V6K6	P27605	0
P51111	P55797	0
O70594	Q9JHW5	0
Q80WL2	D3ZBQ1	0
O08962	Q9JLZ1	0
Q62986	Q62786	0
Q68FY0	P34978	0
Q6P722	M0R9C6	0
Q5M848	Q02294	0
P47971	P52303	0
G3V673	P33274	0
P31421	O08565	0
Q32Q06	P70470	0
Q68FP1	P13803	0
P41542	Q7TP77	0
Q99PS8	D3ZF07	0
P70673	P12839	0
P62836	Q05982	0
Q4V8E7	Q62786	0
O88801	P97700	0
Q62881	P32089	0
P19492	G3V8T5	0
O70351	Q4KM98	0
A1L1K8	P35171	0
Q5XI43	Q9R237	0
Q9WUF4	M0R930	0
Q63622	P70579	0
P20651	Q6B4M5	0
Q3KR92	Q63187	0
P61765	A0A0U1RS25	0
G3V8S0	Q6AY21	0
P08050	D4A631	0
Q6AY09	O35116	0
O70143	Q5XI73	0
Q62717	O35987	0
Q06880	Q63563	0
Q9JHL4	Q8K430	0
Q498C8	P20236	0
Q62658	O88763	0
O08838	O35240	0
Q10758	Q62824	0
P48679	P49950	0
P06687	Q6P7A9	0
O35314	P35427	0
P52631	Q62786	0
P62142	Q63187	0
Q5QD51	P18090	0
Q5M875	P51111	0
P54645	P02706	0
Q9JJ19	P19945	0
P60192	P45592	0
P62997	P54290	0
P07897	Q5PPJ9	0
O54921	P33274	0
Q7TP08	Q62667	0
A3RLA8	O70260	0
P25235	Q5XI43	0
Q7TPK6	F1LN91	0
Q64542	P85969	0
Q641Z8	Q71UF4	0
Q6P7A9	P04961	0
Q6P0K8	P34978	0
P97700	P16617	0
D3ZX56	M0RCH6	0
B3GNI6	G3V9U0	0
D4ABZ4	A0A0G2QC56	0
P52632	Q91V26	0
P62832	Q6IFV1	0
P56558	P55006	0
P08460	Q63187	0
O88767	P52303	0
Q00954	D3ZJR1	0
P61265	P33274	0
Q04631	D3ZEF4	0
Q4V8A2	Q62786	0
P63004	Q4FZY0	0
G3V6L9	O35987	0
P28073	B5DFC3	0
P47819	D3ZC56	0
Q02874	P97852	0
Q9R237	P61810	0
B2GV73	P21531	0
Q63633	Q923I8	0
P51111	P62494	0
E9PTY0	Q9JLI4	0
Q08163	Q9EPH8	0
D4A563	Q8K430	0
B5DF91	P37285	0
P68182	Q00961	0
O35147	Q05982	0
P20291	P03994	0
D3ZD05	D3ZWB4	0
O35264	D3ZEF4	0
P13803	P0C5H9	0
Q5BJY9	D4AB03	0
P31016	P19637	0
Q68FS9	Q63187	0
Q5M9G3	P01134	0
B0BNB1	Q00438	0
P36370	Q62786	0
P30337	Q02759	0
P10111	D4A4L4	0
P41034	Q6IMF3	0
D3ZER6	O35987	0
F1M4A4	Q8CH84	0
P19139	Q3MHT4	0
Q6QLM7	P53767	0
Q6AYT3	D3ZRX1	0
P52632	Q5U1Z2	0
Q64428	O35240	0
P18666	P63100	0
P08753	M0RCH6	0
P21708	Q9WVJ4	0
Q9R1Z0	Q6AYS3	0
D3ZTK5	Q63187	0
P07895	P27049	0
O08719	P0C1X8	0
P29419	P98158	0
D3ZZA8	B2GV74	0
G3V7G9	O35552	0
P15178	P49432	0
Q9JK11	Q4QRB4	0
Q3MIE7	P35400	0
P28023	P33274	0
P29266	Q6V7V2	0
Q63425	O35826	0
Q9QZK5	P70579	0
Q9JLH5	D4A631	0
D3ZZA8	P25809	0
P28073	P23965	0
P26772	P34978	0
Q5M9G3	P11598	0
Q00566	P15791	0
M0R5T4	Q32Q86	0
Q62910	P10111	0
Q63342	M0R4A0	0
P82808	Q505J8	0
P26431	P70483	0
P83953	D3ZD97	0
Q99PD4	Q6AYC2	0
O08618	Q66H94	0
D3ZNQ6	Q3T1K5	0
Q32KK2	Q62813	0
Q5U2V8	Q5M843	0
A4GW50	Q62868	0
P37136	P22062	0
P15651	Q08877	0
Q925S8	P14562	0
D3ZRM9	P68370	0
Q4KMA1	B2RYP4	0
G3V802	D4A8G7	0
Q6AYH5	Q9WU34	0
P12392	F1M4A4	0
O08774	P12390	0
Q63622	Q9QZK5	0
P08082	Q09073	0
P62815	D4ADD4	0
Q5XIU9	Q8R512	0
D3Z8E0	Q5PPL3	0
P24268	D3ZB14	0
Q32KJ5	Q3SWS8	0
P62198	P54921	0
G3V8S0	Q3T1K5	0
Q9WTW1	B0BN70	0
Q9JHW5	Q9QZR8	0
P63102	P35286	0
P35571	Q499V0	0
P62278	D4AE06	0
P11951	P10536	0
P38650	Q62786	0
Q09137	P34978	0
O08815	P28572	0
Q62764	D3Z8E6	0
P16086	P31720	0
P62963	D4A8G3	0
Q9R1Z0	Q80WA4	0
Q63396	Q2TL32	0
Q9Z0V5	Q5BJU5	0
Q8R511	P51868	0
D3ZUV3	Q6P685	0
D4A631	Q63664	0
Q62658	P22062	0
P08460	D3ZEF4	0
Q9R0I6	Q9QUH3	0
D3ZBQ1	D3ZEF4	0
Q04462	O88884	0
Q7TPK6	Q64194	0
P62138	P13084	0
D3ZX01	E9PT04	0
P05982	D4AB03	0
B0BNG3	D3ZU83	0
Q00960	P35400	0
Q8VIG2	Q63604	0
D4A3K5	D3ZMP6	0
P05426	Q6PDU7	0
Q62986	Q68FT7	0
P53676	Q63028	0
P11505	Q64548	0
F1LQ09	O35152	0
Q5XIH3	P45592	0
Q07266	D4A9D6	0
Q5M875	Q6AY56	0
P16975	P09034	0
Q5M7T6	P41123	0
P62824	Q6B4M5	0
D3ZDS2	Q920P6	0
D3ZVH6	G3V8T5	0
P62824	Q3L7M0	0
Q6PDV7	P53676	0
P08290	Q6B4M5	0
D3ZRM9	Q5XFX0	0
P29457	Q9Z1P2	0
Q6RUV5	B1WC42	0
P29147	O70351	0
O70277	Q9Z2L0	0
D3ZIC4	P41565	0
M0R9Q1	Q9ESM2	0
Q64232	M0RCH6	0
Q5XHX3	F1LMV9	0
Q64273	D3ZEF4	0
Q5RKI5	Q62667	0
P25099	P15999	0
Q5XIH3	Q5U2X6	0
O35814	O70437	0
P37136	D4AB03	0
O35827	P34978	0
D3ZHV2	F1M5H6	0
Q7TP47	P45592	0
P40112	Q05941	0
P16086	P11980	0
Q9R012	O35147	0
P13383	Q7TP47	0
P13264	P19527	0
P37136	O88763	0
Q63495	Q62786	0
P31721	P07897	0
O08618	E9PU24	0
P15337	Q71UE8	0
P12839	P18088	0
Q5XI81	M0RCH6	0
Q63377	Q5PQL2	0
F1M9D6	Q63187	0
D4AB03	D3ZD31	0
P15205	Q6KC51	0
P19491	P04466	0
B5DEH2	P10037	0
G3V8Q1	P33274	0
Q62951	Q00972	0
P17046	Q6P7B0	0
P17074	O08701	0
P19939	Q6AYI1	0
O35433	Q505J6	0
Q62739	D4A631	0
P10867	O08775	0
P15651	Q6MGB8	0
Q63716	F1MAL5	0
P82995	P17220	0
P60901	Q10758	0
Q2LAP6	Q08851	0
P01026	P11960	0
O88917	P54282	0
Q3MIE7	P63079	0
F1LXJ9	Q5PQQ3	0
P41499	D3ZB14	0
Q2KN99	Q71UF4	0
P62762	Q68FX4	0
Q06486	P63025	0
P27008	M0RCH6	0
P70550	P09527	0
B5DF89	O88751	0
P08909	P17077	0
G3V612	Q63187	0
F1MAB7	D3ZEF4	0
P05503	P08921	0
P70550	P62632	0
F1LQ48	D3ZDR9	0
P07171	Q5M843	0
Q9ERZ8	Q6IMK2	0
P07171	Q5U2V8	0
Q6PDV7	Q63028	0
P07687	D4A9D6	0
Q4KLI7	P13107	0
P05696	M0R930	0
P36511	P23928	0
P20069	P35738	0
P16638	P07632	0
P62775	Q63187	0
Q9Z2P5	Q9JHL4	0
P50232	Q5XI19	0
D3ZQR6	Q9QUR2	0
F1M8X9	Q9QXQ0	0
Q5BJU5	P49616	0
P0C6C0	Q63187	0
P63326	Q3T1L0	0
P17078	Q62786	0
Q04462	P85515	0
Q4KM65	O88600	0
Q63598	P49187	0
P61810	P14740	0
F1LSG8	Q63187	0
M0R9Q1	P62630	0
E9PTI6	P51907	0
P55090	P34926	0
Q99MZ8	Q78PB6	0
Q9JJ40	P54282	0
Q8CJB9	O35509	0
C0JPT7	Q9Z136	0
F1M7Y5	P14925	0
Q6AY23	P24090	0
M0RDD7	P51907	0
P36202	F1M5H6	0
Q9WUD2	Q7TP59	0
Q9Z1T4	Q62868	0
P15865	Q62786	0
Q5XIT9	Q05140	0
F1LQ09	P24473	0
D3ZZV1	P23514	0
Q9R010	Q6P6T4	0
B0BNJ0	Q5I0E7	0
P05503	D3ZHV2	0
Q9R012	Q66HL2	0
Q812E9	Q62786	0
F7FJR8	P33274	0
Q7TPJ0	O88917	0
Q07266	P48679	0
P36370	E9PSL7	0
F1LN91	Q64194	0
P04642	P84889	0
F1M386	Q6PDU4	0
Q71RJ2	Q8K4S7	0
Q6AXX6	Q64548	0
Q9EQL9	P68403	0
P25095	P18420	0
P53767	D3ZVH6	0
P13264	P70483	0
Q9JHW5	P23358	0
P60901	D4AE59	0
P35284	M0RCH6	0
P24090	Q7TNJ2	0
P36372	P13941	0
F1LXJ9	O08651	0
Q71TY3	P97526	0
P18265	Q63448	0
Q920D5	Q9ER34	0
Q68FV6	D3ZEY0	0
O70257	F1LQ09	0
Q642B8	Q9JLJ3	0
D4A720	P69897	0
Q91V26	P20417	0
Q6AYC9	D3ZGS3	0
P54256	Q9EPC6	0
D4A414	P30729	0
P36972	A0A0G2JZ79	0
Q6QIX3	P97685	0
P84083	B2GUV5	0
O08839	Q4VSI4	0
D3ZX87	Q63187	0
P07154	G3V9U0	0
Q9QXY2	F1MAL5	0
Q6W3E9	Q6AYL4	0
P09812	P07633	0
Q63279	M0RCH6	0
Q63722	P41565	0
Q63570	P61227	0
Q5BJQ5	P35738	0
D3ZQR6	D4A4T0	0
Q8R4A1	P52296	0
Q66HA1	Q499V0	0
P68403	P12390	0
Q9Z2Q1	O88801	0
P55090	Q99068	0
P35570	P47819	0
Q9ES40	A0MZ67	0
Q8CGZ2	P55063	0
Q8R4A1	P52188	0
Q9QVC8	Q9QZK5	0
D4A478	Q63198	0
D3ZHV2	P08921	0
P49950	Q07266	0
D4A3K5	P07150	0
P10719	Q68FS2	0
Q9Z325	Q9ES08	0
B2GUZ5	Q5I0E7	0
Q68FX4	Q63187	0
Q8R4A1	P35738	0
Q5FVH0	Q62667	0
P05982	P22062	0
P17764	B5DFF2	0
P27615	P98158	0
Q91Z79	P67779	0
P70645	P19637	0
Q562B5	B0BNB1	0
P04762	D3ZEF4	0
P18421	P35465	0
B0BNG3	Q2KN99	0
Q5PQX1	P13941	0
P0C6S7	Q3L7M0	0
F1M4A4	P97756	0
Q63598	P31423	0
P50399	P68370	0
Q9QZR6	Q63187	0
D3ZTX0	P19627	0
D4A332	O08700	0
P36370	F1LMY4	0
Q5BJQ5	P52296	0
Q9Z1X1	Q4V8H5	0
P63025	Q6IFV1	0
Q07310	Q63664	0
D3ZWS0	P00884	0
B4F7C9	Q6TUG0	0
O55081	P62630	0
Q00960	Q3MIE7	0
Q63615	D3ZGQ8	0
P35171	Q924S5	0
P29147	Q3T1L0	0
P33568	M0RC99	0
O88869	B5DFC3	0
Q78P75	O35264	0
A0A0G2QC56	P31232	0
Q4QQW4	D3ZC56	0
F1M4A4	P83941	0
O08560	Q5FVH0	0
Q9WTP0	P55006	0
P80204	Q62839	0
Q9R186	Q5PQQ3	0
P63041	M0RCH6	0
P16036	P61810	0
Q3KR97	F1LP64	0
P49134	P43527	0
P62859	Q63187	0
P70615	M0R930	0
Q4KLI7	P34926	0
Q62968	P15127	0
O09175	P35738	0
D3ZUV3	P29101	0
O08651	Q8K430	0
Q9JKE3	Q99068	0
Q6P7B7	P33274	0
Q9JLZ1	Q9Z254	0
Q9WUF4	P70615	0
Q64232	Q62786	0
Q3KR97	Q811A2	0
O55170	P35467	0
Q5XHX3	P20059	0
P50137	F1MA98	0
P05545	D3ZU83	0
Q63448	Q62651	0
P31399	Q62925	0
Q5XI60	Q4G017	0
Q9R1J8	P33274	0
P12841	F1M1B3	0
Q3KRD0	D3ZLN7	0
D3ZVH6	P52504	0
P36506	Q9JHW0	0
Q68FS2	P63012	0
F1M8X9	P35571	0
Q9JJW3	P31232	0
F1M7Y5	Q62921	0
P83953	P04218	0
Q00566	P34978	0
Q9EQ76	A3RLA8	0
O35147	Q66HL2	0
Q6QI68	D3ZEF4	0
P05982	D4A3M8	0
B0BNG3	F1M4P5	0
Q62698	Q63187	0
D4AB03	P21533	0
Q62689	D4AE59	0
P48768	P52873	0
P07896	P56603	0
F1LUW9	B2RYF7	0
P62909	Q08602	0
P31424	P20788	0
Q6AY55	P05714	0
Q7TSU1	Q6P777	0
P17325	Q8CH84	0
P47942	Q3B7K9	0
Q08163	Q9QUH6	0
P30839	P11883	0
O08629	Q9EPV5	0
Q4QQT3	P70483	0
D3ZWF5	P52504	0
P62836	P54921	0
Q01177	P30835	0
Q9JJ19	Q5PQL2	0
Q4V7E8	P14408	0
Q91Y81	Q6AYH5	0
O35826	Q8CFG6	0
Q9QXY2	P62718	0
Q66HF1	Q63358	0
Q641Y2	P84586	0
Q9JHW5	Q63054	0
D4A4L4	Q6MGB8	0
Q5BK63	P07825	0
O55166	Q63617	0
P62142	Q62786	0
Q566E4	P55797	0
Q80Z30	Q499V0	0
P97839	Q5U367	0
Q9ERZ8	P43527	0
Q08201	P35427	0
P97879	P02706	0
Q6QI68	Q63187	0
Q8R2E7	Q794F9	0
P70500	P0C6S7	0
P97696	P63025	0
Q5EGY4	P49653	0
P30937	P52188	0
Q9ER30	Q99PS8	0
Q1WIM1	F1LP64	0
P31000	M0RCH6	0
P70500	Q5FVQ4	0
Q05683	Q6MGB5	0
Q7TP47	P26260	0
B1WC56	P18265	0
P04642	F1M853	0
P20236	Q07984	0
P62260	P53676	0
Q63342	D3ZRN3	0
Q8CGZ2	P62961	0
P27732	Q63187	0
Q5FWT1	P98158	0
D3ZNQ6	Q6AY21	0
O88797	Q4G067	0
Q62927	Q63187	0
Q63425	Q8CFG6	0
P04642	P48500	0
B0BN70	P13941	0
F1LUA1	D3ZTE0	0
Q60587	M0RCH6	0
D4A2Q7	O35095	0
P09951	Q3KRE0	0
P37091	P41565	0
O35095	Q6MGB8	0
P36202	Q9JLI4	0
P62271	Q68FS2	0
G3V7L1	P62630	0
P28492	O54980	0
Q9WVI4	Q08464	0
O35433	P70645	0
P11883	F1M4P5	0
Q06226	Q99PS8	0
P35739	P61354	0
B5DF89	P84586	0
D4ACV0	O55170	0
P51638	Q5BJT7	0
O70441	P18088	0
P37091	D3ZIC4	0
D4A702	O88406	0
Q8R491	Q9JI66	0
Q63503	P83941	0
Q64568	D3ZER6	0
P32089	P62961	0
P46933	Q08851	0
Q9JK71	Q6PDU7	0
P61212	Q9Z2P5	0
B5DFN2	P30835	0
P04916	Q6P7S1	0
P41350	F1LMV9	0
D4A133	D3ZJW0	0
Q62876	G3V8D4	0
P04797	O35240	0
Q63312	F1M927	0
P50408	Q63377	0
Q6Q0N3	Q6PEC4	0
O70239	P30680	0
D3Z8C7	D3Z8E0	0
P52555	P80386	0
Q08463	Q62786	0
Q32KJ5	P41123	0
F1M8B7	P48004	0
Q5BJT7	P13084	0
D3ZVR0	Q9R044	0
P09495	P34978	0
P97839	Q9JLT0	0
P08010	D3ZWB4	0
Q6DGG9	Q63374	0
P13086	D3ZTP8	0
P09216	P62282	0
P20059	E9PSY8	0
P09895	P34978	0
P07825	Q07266	0
P80386	P12075	0
Q5M824	D3ZCF8	0
Q64273	P97887	0
Q62920	P20171	0
D3ZVH6	P21708	0
O88763	P56571	0
P24942	A7U7N4	0
Q499T5	Q63787	0
P52873	Q9ESI7	0
Q9Z0V5	Q68FW4	0
Q9Z269	D3ZEF4	0
P32577	Q2TL32	0
Q64542	O08875	0
Q66HD0	Q62786	0
Q2LAP6	P11530	0
P06761	P17164	0
Q5BK63	P49186	0
Q5M7W4	P24473	0
P24942	Q3MHS9	0
D4A3K5	P97836	0
O70436	P52947	0
Q9QUH6	D4A7I6	0
O88801	Q7TSE9	0
Q63604	P33274	0
P97573	P10111	0
O08838	D3ZTP8	0
M0R890	P58200	0
O35179	B2RYP0	0
P11345	P33274	0
P52296	P35738	0
Q3T1L0	D4A563	0
B2RZ78	D4A208	0
P41034	Q62786	0
Q9ERR2	D3ZEF4	0
D4ACV0	P17046	0
Q9JHZ4	D3ZTE0	0
P12527	Q09073	0
O35763	P31652	0
P62632	P09527	0
Q6MG48	P52481	0
M0R766	Q62786	0
P97610	Q9EPH8	0
Q6P3V8	Q99376	0
P20171	D3ZEF4	0
Q9ER30	Q9Z336	0
Q3KR92	O88350	0
Q9Z1Y0	Q63563	0
Q924S5	D4A2Q7	0
Q8R491	Q6AYC2	0
D3ZAS1	Q6AY56	0
Q3KR92	P34978	0
P80204	Q32Q86	0
P50430	Q9JMJ4	0
Q62765	P68255	0
Q5RJQ4	Q03348	0
Q6LED0	Q5BJS7	0
A1L1K8	D3ZVR0	0
Q9Z272	Q7TPK5	0
P54921	P29066	0
P11883	D3ZU83	0
Q91XJ1	F1M5H6	0
O08838	Q64428	0
P35434	Q6GMN2	0
P49242	D3ZS28	0
P51974	Q63187	0
Q4V8B5	P19024	0
D3ZWC6	P02563	0
Q63635	Q6PEC4	0
F1LUA1	D4A720	0
P13941	D3ZWF5	0
G3V7G9	Q62786	0
D3ZGN7	Q9WVC7	0
B0BND0	D3ZEF4	0
P14925	P10499	0
Q5XI86	Q6AY56	0
O35115	Q641Z8	0
Q63538	P30427	0
Q5RKI1	Q9R044	0
P04906	P33274	0
A0A0G2JZ79	Q499V0	0
O70351	Q3T1L0	0
Q04631	P34978	0
Q8VHF0	Q80W92	0
Q62985	Q62786	0
P35435	G3V8D4	0
P07727	Q01062	0
Q9Z1T4	A4GW50	0
Q99068	O08560	0
P69736	P82995	0
P53610	P53534	0
Q9ES08	P34978	0
P49185	Q6AY21	0
P63088	P18088	0
Q2IBD4	P17074	0
A7VJC2	P06536	0
D4ACN3	Q5GFD9	0
Q99JD4	Q62888	0
Q66H12	Q4V7E8	0
Q6IRK9	Q9JK71	0
Q64578	Q63507	0
Q920G2	Q3MIE4	0
P63326	O70351	0
Q63570	Q9JLU4	0
A3RLA8	P26433	0
D3ZX87	P34978	0
Q5BJU5	P04466	0
Q09073	P10634	0
P42123	P63138	0
P54313	Q5QD51	0
O88751	Q9EQH1	0
Q9ER30	Q68FQ0	0
P36876	Q6P6T5	0
Q6AYC9	Q8R2E7	0
Q6P6V0	B2RZD1	0
D3ZX56	P34978	0
O88406	Q6AY56	0
P41738	P07335	0
Q62824	Q63454	0
Q01205	P13233	0
Q06647	Q9JLS3	0
Q9ESW0	Q62786	0
D4A7D6	Q5M7W5	0
P25235	P30937	0
Q4V8A2	M0RCH6	0
Q7TT49	Q641Z8	0
Q9R193	O70511	0
Q642G4	Q920B6	0
P06761	P21575	0
P15943	Q08851	0
Q68FS9	P09456	0
Q9Z214	P05178	0
Q9R063	Q9WTP0	0
P63018	P07154	0
P19359	O35867	0
P70550	O35303	0
Q71F54	Q63560	0
P07824	Q498E0	0
P04916	Q5XI60	0
P80204	M0R5T4	0
Q63881	Q6AY21	0
Q9JIS1	Q8R455	0
Q99JD4	Q641Z8	0
Q4V892	P10608	0
P16975	P49432	0
Q5PQQ3	Q9JJK1	0
P32577	Q63396	0
Q62889	Q63187	0
P70645	P31016	0
F1M9B2	D3ZEF4	0
P69736	P17220	0
F1M8B7	D3ZEF4	0
Q9ES54	Q6P762	0
Q3KR94	P53767	0
O70594	Q63054	0
P17164	Q6DGG9	0
B0BNG3	Q641Z8	0
P54256	P20417	0
Q03555	P20272	0
Q63941	D3ZQ77	0
B2GUZ3	B0BNK1	0
P84083	P31388	0
P60123	Q62952	0
D3ZTK5	D3ZEF4	0
Q6P762	Q9EPH8	0
P62944	Q9WVC7	0
Q2LAP6	Q6TUG0	0
Q5FVM4	P36202	0
Q8R3Z7	D4A4K3	0
Q9WVH8	O35987	0
D3ZF07	Q06226	0
Q8VHI8	P09951	0
P97756	O88846	0
Q9Z1E1	Q63448	0
F1M4A4	Q63503	0
D4A7I6	Q5GFD9	0
E9PSL7	F1LMY4	0
Q9EPJ3	P11240	0
Q4AEF8	P47860	0
Q9QY78	P52481	0
Q812E9	P34978	0
B1WC56	P85970	0
P36876	D4AB03	0
Q6AY56	P55797	0
O88382	Q9Z252	0
P54287	P04785	0
P84889	B2GV87	0
P63259	Q63187	0
D4A9D6	A0MZ67	0
D3ZQL4	Q5XIH3	0
M0R8B6	G3V8S0	0
B0K020	P33274	0
D4A9G6	D4A8G3	0
Q460M5	P49950	0
P19357	F1M4P5	0
Q793F9	P10361	0
F1MAL5	Q4FZT0	0
P42930	M0RCH6	0
Q99M75	P33274	0
Q5EGY4	P10361	0
P35467	P35171	0
P26769	Q07071	0
Q5XIC0	Q9QZR8	0
Q9JHL4	P04636	0
P50398	Q62640	0
O35412	P33274	0
P04762	Q2PQA9	0
Q00715	Q62786	0
O88989	O08873	0
P68403	P97610	0
Q7M0E3	P61959	0
Q5U3Z7	D3ZJE2	0
P62963	Q63269	0
P05943	Q63563	0
P05182	P36506	0
P07150	O35180	0
P49432	Q63357	0
Q63269	D4A8G3	0
D3ZU57	P54282	0
O35179	Q4V892	0
G3V928	P82995	0
D4AC36	P21533	0
P27881	P11530	0
Q5XI86	P15127	0
P62804	Q63342	0
P62718	F1MAL5	0
B0BNJ0	Q06226	0
P62944	P07340	0
O88778	P33274	0
P54311	P62919	0
B2GV87	B5DFJ4	0
Q1WIM1	P02688	0
B2RZD1	P00507	0
P08592	P62193	0
O55007	Q62786	0
Q76KC6	Q6AYC2	0
Q8R2E7	Q63269	0
P60192	P15389	0
P84245	P41739	0
Q62927	Q62786	0
P30839	D3ZU83	0
P63041	B2RYP0	0
Q4QQV2	A7VJC2	0
Q9QXY2	Q62839	0
O35458	P62494	0
B2GV73	Q9EQH1	0
Q6IFU9	Q03062	0
Q6P7A9	P82995	0
P14604	Q03348	0
Q9JMB5	O88801	0
Q4QQW8	Q62920	0
F1M842	Q8R512	0
D3ZHX2	Q62824	0
Q4L1J4	Q02253	0
O88498	Q6IRK4	0
Q08602	P11240	0
P08290	Q63638	0
Q07009	Q9WUD9	0
O08839	Q63635	0
Q8CH84	P83941	0
D3ZAS1	Q5PQQ3	0
Q5BK07	D3ZCG0	0
Q810W7	B5DFF2	0
Q63524	Q9ES53	0
Q99P77	Q4V7C7	0
P85108	Q62968	0
G3V7G9	P53565	0
Q03348	P62483	0
Q63648	P27139	0
Q99PD4	Q62651	0
P24090	Q63690	0
Q9QXY2	Q4FZT0	0
P62198	O35147	0
P20272	Q4KLI7	0
D4A9G6	Q920P6	0
P40615	Q6PST4	0
O35867	P47858	0
P21531	P62845	0
Q9Z2P5	P19814	0
Q62951	B0BNJ0	0
O89046	Q7TSE9	0
O70594	P23358	0
P05712	Q9EPH8	0
Q7TMA5	P20781	0
O88989	P08082	0
P62193	Q63537	0
P17209	Q62667	0
Q63722	D3ZIC4	0
Q62786	P34978	0
Q8K3R0	P39949	0
P53042	Q63187	0
O55081	Q7TPB1	0
P62959	G3V7P1	0
D3ZHX2	P29457	0
Q91XS8	Q68A21	0
Q9JK25	Q6AYA5	0
Q9Z1Y3	P41739	0
Q5XHZ0	P27605	0
B0BNJ0	B2GUZ5	0
P05182	D4AC36	0
Q4V7F5	P10361	0
Q63941	P51577	0
P49242	P31388	0
P70550	Q9EPB1	0
B2RYP4	P36372	0
P35704	P52632	0
D3ZWS0	P20070	0
Q5BK63	A0MZ67	0
Q5M7W5	P67999	0
P06760	O35115	0
P61765	O35433	0
B2RYN7	F1M0Z1	0
P07151	Q4KM98	0
Q9QZW8	B2GUV5	0
Q02253	P37090	0
P34058	D4AE59	0
O55170	Q9R044	0
P26772	E9PSL7	0
E9PT04	P29419	0
G3V802	P16975	0
Q63425	Q64620	0
P0C6S7	Q6B4M5	0
Q08464	P23441	0
O88350	Q63187	0
Q62786	D3ZEF4	0
Q5XIC0	P23358	0
P17164	Q6Q7Y5	0
Q6MG48	O88764	0
Q5BJU7	Q7TNZ6	0
O88751	Q4V7E8	0
Q5XIP6	Q9JK25	0
Q920L2	P52631	0
Q32KK2	B5DEH2	0
Q32PX6	Q6AY21	0
D3ZZV1	Q99PS8	0
P48721	Q7TPK5	0
Q9JHB5	D4A3M8	0
P97696	P14659	0
P16636	O08561	0
O08617	P62804	0
Q68FP1	P82995	0
D3ZQ77	P32198	0
Q62636	B2GV24	0
Q5M7T6	Q5BJK8	0
Q63722	P67874	0
P07872	Q9JK11	0
P35286	Q6MGB8	0
P26435	Q9Z2F5	0
D3ZWF5	O70127	0
P15865	M0RCH6	0
Q5M875	P15127	0
M0RC99	P62628	0
B2RYG6	Q6AY56	0
P51579	P10361	0
Q64578	P15146	0
Q5M7A7	D4AE80	0
D4A332	D3ZEF4	0
Q9JLT0	Q9JIR4	0
Q9ES40	Q460M5	0
P20761	Q63507	0
O54980	D3ZU57	0
Q6QLM7	Q62640	0
P07687	Q9EQG6	0
Q9WVB1	Q9QYU4	0
P97519	P30839	0
Q9JJK1	B2RYG6	0
P60192	Q63357	0
P35280	D4AB03	0
P62882	B2RYP4	0
Q2TL32	F1M3L7	0
Q00981	Q460M5	0
B0BND0	Q63610	0
Q64349	P12749	0
Q5BK07	P16884	0
Q8K5A9	Q9Z136	0
P21571	P31722	0
Q62976	P17325	0
G3V6H1	Q3KRE0	0
Q02253	Q63584	0
D4A9L2	D4A5X1	0
Q63054	D4ADE5	0
G3V6K6	Q91Z80	0
P62161	P50878	0
P08011	Q64663	0
Q64578	D3ZFP4	0
Q5U3Z7	Q66HR2	0
P19627	P07323	0
Q9Z1X1	P27791	0
Q9ES39	Q9JK66	0
P63331	Q8CJB9	0
F1M446	P33274	0
Q9JK25	D3ZEF4	0
A8C4G9	O35254	0
D3ZZK3	P06882	0
P36372	P06882	0
Q05030	G3V928	0
D4AE06	P82995	0
Q91XJ1	P08921	0
Q8K4S7	P26431	0
Q9EPV5	M0RCH6	0
P16975	P60192	0
O88873	P31977	0
P09495	Q62786	0
P47196	Q62952	0
P27682	Q63622	0
Q64194	P62744	0
P63041	O35179	0
P50399	Q5XFX0	0
Q63448	P85970	0
D4A4K3	Q63226	0
P09330	P19493	0
O35094	P27605	0
P29101	G3V8A5	0
Q7TSE9	Q5U2X6	0
P27682	Q5XIU9	0
P29147	D3ZIX4	0
P15337	I6L9G6	0
Q7TPK5	Q6TUG0	0
Q6P689	P11240	0
D3ZRC4	P26431	0
B0BN20	P33274	0
F1LQY6	Q6P791	0
D3ZAF6	D3ZTE0	0
M0RCH6	Q63187	0
Q05962	O55156	0
Q08877	Q6P9U0	0
Q66HD0	P34978	0
Q3L7M0	Q6B4M5	0
Q2KN99	Q63531	0
A0A0U1RS25	O35814	0
Q5I0H3	P54001	0
P62193	M0RDD7	0
Q9WV48	Q6QI89	0
Q68FP8	P62630	0
P19332	P43244	0
Q5FVC2	P53676	0
Q2IBD4	O08701	0
Q5PQX1	P06882	0
Q2LAP6	E9PTS4	0
Q91Z80	P60517	0
P97610	Q9QUH6	0
O35921	D3ZWF5	0
P48548	D3ZEF4	0
P02401	P04897	0
P20069	P52296	0
Q498C8	P31421	0
Q9ES19	Q6RFZ7	0
P19511	Q9Z254	0
P60868	Q63584	0
B1WCA1	P21213	0
P62632	O35303	0
P11530	Q5PQX1	0
O54874	Q62786	0
Q63495	Q63187	0
Q62888	P61621	0
P29315	P23680	0
A0A0G2JZ79	P35571	0
Q7TNJ2	P62161	0
Q9WVB1	P84100	0
Q3KR92	Q62786	0
P09811	D4A332	0
Q4AE70	P20651	0
Q62896	Q63768	0
P31000	P34978	0
P19511	Q63598	0
O08651	B2RYG6	0
Q6AY56	P15127	0
Q9QZ81	O88406	0
P09483	D3ZJE2	0
Q9EPI6	I6L9G6	0
B2RYP0	Q4V892	0
P13107	P34926	0
Q9Z2X5	P98158	0
P19491	P49616	0
Q10758	P21575	0
P20650	P60123	0
O89035	P52481	0
Q64315	Q9WU34	0
G3V7G9	Q9WV48	0
P54287	Q63396	0
F1M8X9	Q64604	0
Q9QZR8	Q63054	0
Q4L1J4	P37090	0
Q63053	Q91XJ1	0
Q6GQP4	Q7TMA5	0
P48768	P41738	0
P52504	P19492	0
P15865	Q63187	0
P45479	P31647	0
Q5XI04	Q99JC6	0
Q09325	P42667	0
P85834	F1LYL8	0
P61023	Q498E0	0
P02770	P33274	0
P52631	M0RCH6	0
P00564	P11275	0
P02692	P24942	0
P41499	P16975	0
P84100	P60889	0
Q9JJK1	Q8K430	0
Q6JP77	Q62651	0
A7U7N4	Q01714	0
D3ZV26	Q4G017	0
Q76JQ2	Q63569	0
Q641Y2	Q62897	0
D4A5X1	Q8CFN2	0
Q641X3	A1L1K8	0
P63100	P55063	0
P62824	Q4AE70	0
Q63468	O54980	0
D3ZFP4	P15146	0
P56603	Q3SWU3	0
O08679	D3ZRK7	0
D3ZX87	Q62786	0
Q9QZ81	Q6AY56	0
Q9JLZ1	Q63598	0
O70441	P60203	0
Q6P762	P97610	0
P55159	O35165	0
P85108	D3ZAS1	0
Q9WUF4	P05696	0
D3ZUV3	Q63470	0
Q08201	O88600	0
G3V7P1	D3ZRK7	0
D3ZCF8	Q63722	0
Q63369	B5DFI3	0
Q01205	Q02874	0
Q4QQT3	A9UMV8	0
Q924S5	P35286	0
P53563	P70645	0
Q99PW3	P02650	0
Q62991	P62260	0
P53565	Q62786	0
Q5XIP1	D3ZEF4	0
Q8K5A9	P32182	0
Q9ES08	D3ZEF4	0
P70500	P20651	0
P21807	Q62689	0
O35394	D3ZGS3	0
Q5U1Y1	D4A4D5	0
P20272	P47198	0
Q6AZ54	Q920P6	0
P07151	Q3T1L0	0
P48037	O88339	0
P80385	P08050	0
Q6MGB8	Q9JHX4	0
P27049	P37136	0
P04256	P0C1X8	0
P68255	P34978	0
P62198	P29066	0
O54857	Q63425	0
Q91XS8	Q4QQT4	0
Q3MHT4	Q9Z2L0	0
Q5FVQ4	Q63638	0
P20171	M0RCH6	0
O35244	Q9JHW0	0
P32577	F1M3L7	0
P35467	P19357	0
P34900	Q6AYD3	0
F1MAL5	I6L9G6	0
P54287	F1M3L7	0
Q9WVE9	P13437	0
Q5M875	G3V8D4	0
Q9JIR1	M0RDD7	0
D4ACA6	B5DFF2	0
Q07009	P15651	0
P70606	Q5U2X6	0
P05178	D3ZAF6	0
Q00981	D4A9D6	0
O55005	Q66HA1	0
Q62599	D3ZEF4	0
P47819	Q4QQW4	0
Q9JMB5	Q7TSE9	0
Q9R1M7	D3Z8W1	0
P12346	Q6QI89	0
Q6NX65	Q6P502	0
D4A9D6	P49950	0
D4A478	Q63199	0
P97839	P09483	0
P83888	Q3B8Q2	0
O88350	Q62786	0
Q80ZA3	E9PTS4	0
P55215	P12369	0
P27881	Q68FW4	0
P23606	Q642A9	0
O35921	P53767	0
Q460M5	A0MZ67	0
Q68FX0	Q5FVI4	0
Q5PQQ3	P15127	0
P85108	B2RYG6	0
Q9ES39	P48004	0
D3Z8E0	D3ZD97	0
P62332	O88453	0
Q9JHW0	P21533	0
Q10728	Q6PDU7	0
P38659	Q9EPJ3	0
P55090	P63269	0
Q6JHU9	Q6P6T4	0
Q62786	Q63187	0
Q99PW3	P33274	0
P54311	O35854	0
B2GUZ5	Q06226	0
B5DFH3	P11883	0
Q62718	Q63187	0
Q794F9	Q63269	0
F1M9B2	Q62786	0
Q9JJ40	Q499V0	0
D3ZK47	Q09325	0
Q792I0	P34978	0
Q6JHU9	Q5XIP9	0
Q68FT7	P34978	0
Q9Z340	Q05982	0
Q62840	Q6AXN9	0
Q2PS20	Q1HCL7	0
D4A4K3	P13233	0
Q66H94	P51579	0
G3V6K6	Q5XHZ0	0
P27791	Q9JMJ4	0
F1LW22	Q9QY17	0
Q62638	P07153	0
Q9Z0V5	Q6TUG0	0
O09175	Q5BJQ5	0
Q9ER34	Q62786	0
Q66HA1	Q9QXQ0	0
P84083	P49242	0
P30543	Q63155	0
O35431	Q9JIR4	0
P48768	Q9ESI7	0
Q7TQN4	Q9JHL4	0
Q6W3E9	P50503	0
P23358	D4ADE5	0
Q6P762	Q5GFD9	0
Q68FR6	P69897	0
P08485	P29147	0
Q7TPB1	P16884	0
P56574	P62246	0
P14562	Q07984	0
Q4L1J4	O88767	0
Q64375	D3ZEF4	0
P47863	Q3L7M0	0
P61515	M0RCH6	0
B0BNJ0	P23514	0
P20272	F1LWY1	0
P83888	P53676	0
B1WC60	P32851	0
P04639	B0BNJ0	0
D3ZZV1	B2GUZ5	0
Q64122	Q2IBD4	0
P02563	P36511	0
P18666	Q8CGZ2	0
Q08850	P42930	0
Q792I0	Q63187	0
Q63358	P85515	0
P13233	P21913	0
Q02294	P34978	0
Q9QY78	O89035	0
P36202	Q91XJ1	0
P29457	Q63374	0
Q62636	Q62786	0
P19234	B2RYN7	0
P07687	Q460M5	0
D4AB66	P97837	0
Q4AE70	Q6B4M5	0
P37091	D4ACG2	0
Q4QQV0	Q9R1M7	0
P21213	P26431	0
Q8CGZ2	Q5BJU7	0
Q6AYA5	Q63187	0
P04762	P34978	0
Q68FP8	B2GV74	0
P21531	P84586	0
Q9R0Z7	F1LU48	0
Q568Z4	P84889	0
D3ZMP6	Q7TP98	0
P62138	Q5BJT7	0
Q63750	P25235	0
G3V928	Q68FP1	0
Q9ES19	O35987	0
P33671	B2RZD5	0
P62824	P47863	0
Q63622	Q8R512	0
B2RZD1	P07687	0
P55063	Q7TNZ6	0
P62250	P49653	0
Q3SWS8	Q5M7T6	0
D3ZCS4	D4A233	0
Q3B7K9	P53610	0
D3ZGS3	Q9R063	0
Q9Z2A6	A3RLA8	0
D3ZDR9	Q499V0	0
P29147	Q63569	0
Q6AY09	P08649	0
Q9Z270	P20417	0
P97852	P21913	0
P46933	E9PTS4	0
Q4VSI4	Q6PEC4	0
P02454	Q9EPC6	0
Q62599	M0RCH6	0
D3ZMR2	P20595	0
P01830	Q5XIG8	0
P62278	P04961	0
D4ADD4	D4A4L4	0
O35854	P62919	0
O88996	P21533	0
Q9Z0U4	Q64663	0
P19527	Q8K4S7	0
Q8K586	Q3KR97	0
P09217	Q63617	0
P04639	B5DF91	0
P08290	Q4AE70	0
Q8VHI8	Q3KRE0	0
Q05764	Q91V33	0
B2GUY2	P10686	0
P25286	D3ZS28	0
P09495	D3ZEF4	0
Q9Z336	Q62951	0
Q62920	D3ZEF4	0
P23562	P34978	0
Q9JIL3	P97838	0
Q99N34	Q09325	0
P62142	F1MAP6	0
Q6P9U0	F1M4P5	0
P0C6S7	Q63638	0
Q01205	P97852	0
B2RZ33	Q62881	0
Q63083	F1MAL5	0
P62944	Q6P503	0
Q5XI04	F1LTR3	0
P20069	P52188	0
O70436	Q08877	0
Q64591	B0BNG3	0
Q60587	Q63610	0
P48675	O35254	0
B3GNI6	P85834	0
P08010	D3ZD05	0
Q5M824	B2GUV5	0
P07340	P14740	0
F1M853	Q9Z0V6	0
Q08877	P52947	0
P23358	Q63054	0
M0RCH6	D3ZEF4	0
P21994	Q6P742	0
Q5U1Y1	P26376	0
Q641X8	P51907	0
Q5M7W4	Q498E0	0
P55006	D3ZM33	0
P86182	Q63538	0
Q9EQL9	Q8VHV7	0
B2GV15	P63025	0
P62824	Q5FVQ4	0
Q9R237	P14740	0
Q62824	P21575	0
D3ZN21	P24050	0
B0K019	P15431	0
P62909	O88506	0
B0K019	B2GUV5	0
P63041	Q4V892	0
Q3B7V5	P00406	0
P62845	Q641Y2	0
Q5U2X8	O88453	0
Q63198	P97924	0
P13437	P33274	0
O08719	B2RZ33	0
Q9QVC8	Q63622	0
B4F775	Q63454	0
P08649	O35987	0
Q9EQG6	Q460M5	0
Q9Z2Q1	D3ZQL4	0
A8C4G9	Q6QI89	0
B1WCA1	P97846	0
O08651	P35465	0
Q6IMY8	Q6AYR5	0
O54715	M0R8U1	0
P06211	A3RLA8	0
P53565	M0RCH6	0
P10361	D4A4D5	0
Q920A6	F1M3L7	0
P18666	Q5BJU7	0
Q6P9U0	Q62888	0
O88588	Q6AYU5	0
P60868	Q68FR6	0
P63245	Q63881	0
P51639	Q5PQQ3	0
O35413	P62628	0
O35394	D3ZM33	0
P08644	P62198	0
D3ZWV8	P84245	0
P06760	D3ZU83	0
Q924S5	Q62888	0
Q9EQV6	Q8R491	0
O88763	P21533	0
Q7TP13	P70496	0
P26769	D3Z8W1	0
P81155	P19969	0
Q68FQ0	D3ZF07	0
Q63073	F1M8X9	0
O88350	D3ZEF4	0
B4F7C9	P27881	0
D3ZX56	Q5FWY5	0
P61206	Q6PDU7	0
D3ZEN2	F1LQ48	0
Q53AQ4	P49950	0
P51639	B5DF98	0
P36876	D4A3M8	0
P20236	Q00959	0
O09171	D3ZWQ5	0
P54001	Q5XIA1	0
D3ZHX2	Q63570	0
P10860	P18420	0
Q6IRK4	P12839	0
Q71UF4	Q6P9U0	0
Q5U367	A2RUW1	0
P62250	P10361	0
P48037	P06238	0
Q5XIC0	D4ADE5	0
P62963	Q920P6	0
Q62876	P55797	0
Q6P9U0	Q641Z8	0
P55006	O35394	0
Q6URK4	Q99J82	0
D3ZBI1	M0RCH6	0
P0CF24	Q63187	0
P62755	P60711	0
Q5BJK8	P41123	0
Q70AM4	Q810W7	0
P07897	P20650	0
Q91ZW6	P11884	0
P07153	Q6VBQ5	0
D3ZWC6	P36511	0
P19511	P08485	0
Q566E4	Q6AY56	0
P14562	P31421	0
P24368	O08875	0
Q68FX0	Q00961	0
P41123	P23711	0
O70277	P30729	0
Q9Z2P5	P04636	0
P49185	G3V8S0	0
P55067	P62836	0
Q6AYU5	P06685	0
Q64232	Q63187	0
Q62640	Q9WTW1	0
P29419	P97546	0
G3V928	P0C5H9	0
P09034	P15389	0
Q68FS2	Q9Z1E1	0
O70244	P33274	0
P06761	Q9Z1P2	0
P14562	O08565	0
Q8K3Y6	P05765	0
Q63881	D3ZNQ6	0
D4A4L4	Q04589	0
Q66HG9	Q6MG49	0
P51639	P10361	0
P11980	Q63645	0
D3ZER6	P62198	0
Q6IRK4	Q64604	0
P09895	M0RCH6	0
Q5XIU9	P70579	0
Q3KRE8	O88846	0
P00388	F1M0J7	0
P85108	Q5PQQ3	0
P49911	Q62985	0
Q6MG82	P81155	0
P11275	Q9QYU4	0
Q9WVI4	Q4QQT4	0
P01830	Q64349	0
D3ZMR2	Q64568	0
Q10758	Q9JLU4	0
D3ZD48	P36370	0
Q6QI16	P33274	0
P18666	P62961	0
P62890	D3ZZV1	0
B5DFH3	Q6P9U0	0
E9PTY0	D3ZHV2	0
O35921	Q3KR94	0
P35284	Q62696	0
O88996	Q6P6T5	0
P27732	Q62786	0
P48768	P07335	0
Q3KRE8	Q63503	0
D3ZRN3	P26435	0
Q62921	Q8CFN2	0
D4A1D8	Q4KM74	0
Q63615	P27049	0
O88588	P06685	0
Q9EQG6	A0MZ67	0
P12075	Q09325	0
P31722	P16409	0
P06238	Q6P777	0
Q9JLI4	Q91XJ1	0
Q05962	O88382	0
Q9QYU4	Q8R5K6	0
P08644	P54921	0
Q4V892	Q68FX4	0
P19357	Q99JD4	0
P18666	Q7TNZ6	0
D3ZFH5	Q9JJ54	0
B2RYP4	Q5PQX1	0
Q66HR5	F1LZ05	0
P49432	Q7TP47	0
O89046	P13383	0
O35413	M0RC99	0
P36202	P08921	0
F1M392	P19969	0
Q64591	F1M4P5	0
P17077	P07727	0
Q9QXU8	Q5I0E7	0
P04916	D3ZV26	0
O35547	F1LUW9	0
Q6URK4	Q62952	0
P62271	P62083	0
P63245	P49185	0
O89046	P16617	0
P47942	F1LNS2	0
Q7TP08	D4ABC5	0
P33568	B2GUZ3	0
Q9EPV5	D3ZEF4	0
O55043	P17702	0
P0CF24	Q62786	0
P21571	M0R930	0
P31720	P11980	0
P29994	D4A208	0
A0A0G2QC56	Q63468	0
P63331	P32198	0
Q9QUH3	O55166	0
P12839	Q7TNJ2	0
P19139	O70277	0
P35570	P70566	0
Q6Q7Y5	Q6DGG9	0
O88506	P18420	0
P67874	P41565	0
O70244	Q9R1J8	0
P50878	Q7TNJ2	0
P08460	Q62786	0
G3V7L1	P06686	0
Q499V0	O88917	0
D4A3M8	P21533	0
P0C6S7	P20651	0
P31722	P05696	0
Q62698	Q62786	0
D3ZR49	Q63155	0
Q6Q7Y5	Q6P502	0
D3ZB48	P42667	0
P47971	P97710	0
P31720	P68101	0
O35433	P19637	0
D3ZX01	P29419	0
D3ZU57	B5DFF2	0
P61206	P05426	0
Q6AYI1	Q9ERH3	0
P20156	P23606	0
O70248	Q3T1K5	0
Q00566	O35264	0
Q03555	M0R5T4	0
P07722	Q6AY56	0
Q6P7B0	P63102	0
G3V8D4	P15127	0
D3ZKU6	P23965	0
P48679	D4A9D6	0
P07825	P49186	0
Q00981	A0MZ67	0
Q9R010	Q5XIP9	0
B4F7C9	Q9QUL6	0
Q5M875	Q62931	0
P05178	P69897	0
Q8R491	Q62651	0
P70500	Q6B4M5	0
Q641X8	F1M4I4	0
B5DFJ4	F1M853	0
B0BNG3	O35115	0
Q63787	Q5XIA1	0
Q05030	P13803	0
P01830	P83732	0
P70498	F1M853	0
M0RCH6	P34978	0
P09951	Q6AYI1	0
Q63750	Q5XI43	0
P97633	D3ZFP4	0
P26433	P10888	0
Q9Z1K9	P63079	0
P23711	O08838	0
Q499U4	Q62786	0
M0R8B6	Q32PX6	0
G3V7Q7	E9PSY8	0
P70673	P80386	0
O88350	P34978	0
P30904	D3ZGQ8	0
P07896	Q3SWU3	0
P54921	O35147	0
Q6IFU8	Q00438	0
Q6P0K8	P48548	0
O08962	P01830	0
P10037	P33274	0
Q9ES38	Q8K430	0
Q8R455	Q6MGB8	0
Q5U318	Q6P742	0
Q920B6	O88761	0
Q9QZW8	D3ZS28	0
P36876	P37136	0
G3V6T1	Q62786	0
Q5RKI1	O70436	0
B2RYP0	Q68FX4	0
P13596	D4A208	0
Q9WV48	O35552	0
P62907	P29266	0
D3ZK47	P42667	0
F1M9B2	P34978	0
D3ZIC4	P67874	0
Q5M9G3	Q5XI19	0
Q76JQ2	P07151	0
D3ZX87	D3ZEF4	0
P67779	P37091	0
P32182	Q9Z136	0
P41738	Q9ESI7	0
O70127	P19492	0
P97573	P06760	0
P62824	P08290	0
Q7TP34	Q5QD51	0
Q32PX6	Q3T1K5	0
B0BN70	P21708	0
D3ZMP6	P45592	0
P35281	P09951	0
P85108	P35465	0
Q9Z2A6	P10888	0
Q9JJM9	Q63617	0
O35244	P67779	0
Q63524	P67999	0
P06760	B0BNG3	0
P09895	D3ZEF4	0
P07825	P48679	0
O55012	Q5PQX1	0
P23441	Q63538	0
P62815	Q04589	0
P0C6S7	Q5FVQ4	0
O88498	Q66HA1	0
Q9WVE9	Q63187	0
P19139	Q9Z2L0	0
Q6P689	P70569	0
P62632	Q9EPB1	0
Q5XIM9	P29314	0
D3ZM68	P21670	0
Q63468	P17764	0
Q7TT49	Q04970	0
Q8CJB9	D3Z8E6	0
D4A414	P19139	0
Q63470	P29101	0
B2RYP0	P62762	0
Q5U2X8	P30835	0
Q02294	Q62786	0
P00388	P60203	0
Q5U3Y8	Q5XFX0	0
Q62636	P34978	0
Q4AEF8	Q8K4S7	0
Q9Z136	P37090	0
O88873	P55159	0
G3V928	P13803	0
Q9WTT6	P81799	0
P02091	Q6IMK2	0
P62832	P63025	0
Q66HA1	P35571	0
Q71UF4	P52947	0
Q76KC6	Q62651	0
D4A1J6	P31388	0
Q62936	Q6TUG0	0
Q64548	O08816	0
P61227	P21575	0
Q6P4Z9	B2RYP4	0
P35171	P61621	0
B0BND0	M0RCH6	0
Q63716	Q4FZT0	0
D4A2Q7	Q99JD4	0
P21575	P17164	0
A0MZ67	P49950	0
P53767	D3ZWF5	0
Q68FY0	M0RCH6	0
P35053	P70587	0
P70606	O35180	0
Q6MG48	P13721	0
P46933	P27881	0
P61107	Q5U318	0
Q641Z4	Q63187	0
P62278	P82995	0
Q6AY55	Q2TA68	0
B5DF98	P10361	0
P36876	O88996	0
P60889	P54290	0
G3V6T1	Q63187	0
P15999	P63259	0
P35280	P37136	0
P12839	Q64604	0
P62142	M0RCH6	0
Q63198	Q63199	0
P63326	P04636	0
Q5XID6	Q75Q39	0
D3ZBQ1	Q62786	0
Q9ER30	D3ZZV1	0
Q63787	P60892	0
B0K019	P84083	0
P80204	F1MAL5	0
P70600	Q6P722	0
P13803	P17220	0
P63331	P09483	0
F1LP90	P35738	0
P43244	P62959	0
Q9JKS6	P04466	0
P19357	D3ZVR0	0
O35431	Q9JLT0	0
F1LXJ9	B2RYG6	0
P61169	Q62786	0
P38650	M0RCH6	0
Q4V8H5	Q9JMJ4	0
O88656	A1L1I3	0
D3ZRX1	D3ZWA8	0
P35286	Q8R455	0
Q9Z214	D3ZAF6	0
P35281	Q3KRE0	0
D3ZEY0	Q63569	0
Q9JHZ4	Q9R010	0
Q62689	Q920B6	0
Q63503	Q3SWU3	0
P0DJJ3	P17764	0
P20236	P31421	0
P11507	P34978	0
Q642G4	O88761	0
P34926	Q99068	0
Q6AYB8	O35394	0
Q63634	Q8K3Y6	0
Q0PMD2	D4A631	0
P07150	D3ZMP6	0
O55164	D3ZAK6	0
P55161	P85515	0
Q02253	P69897	0
O70257	P08050	0
Q4KLI7	Q99068	0
Q5XI51	Q8CGZ2	0
D4A857	P70580	0
Q07310	P31232	0
E9PTY0	Q5FVM4	0
B1WBS4	D4A244	0
P25095	P10860	0
P56571	P22062	0
P27682	F1M842	0
P58405	P33274	0
Q5U2T9	Q99N34	0
P15651	Q8R455	0
O35158	D3ZS28	0
B2GUV5	D3ZS28	0
P00564	Q6P5P5	0
Q9JMB5	P97700	0
P63025	P14659	0
Q4V7E8	Q63569	0
P59215	Q62952	0
Q5XI43	P14740	0
Q8CFC1	D3ZRK7	0
P47863	P0C6S7	0
P27008	P34978	0
Q9ES40	P48679	0
G3V8S0	O70248	0
Q9EP80	Q9QZX8	0
P55159	P31977	0
Q9JIL3	P61589	0
O35240	P09117	0
B5DF89	B2GV73	0
D3ZX87	M0RCH6	0
Q6QLM7	P19804	0
P10633	Q6Q0N3	0
P49432	Q7TP98	0
D3ZHX2	Q9Z1P2	0
Q3MHS9	Q63524	0
Q3KRD0	P31720	0
P13803	D4AE06	0
O54960	Q9WVC7	0
Q91ZW6	P07727	0
M0R9C6	Q5M7W5	0
P97700	Q5U2X6	0
P54283	Q62902	0
Q920A6	Q2TL32	0
Q6P9U3	Q9JJ54	0
Q5XI32	D3ZPR0	0
Q63468	B5DFF2	0
P63039	D3ZM33	0
Q920J4	O88406	0
P19139	P30729	0
P27881	Q6TUG0	0
Q9JI51	Q53AQ4	0
P62630	B2GV74	0
Q2IBC5	P05545	0
G3V9N9	Q63342	0
E9PU17	Q8R4T5	0
P61023	P24473	0
P35571	Q7TPJ0	0
Q63942	P20236	0
P27881	Q9QUL6	0
P21463	F7FF45	0
P20059	D3ZKL4	0
Q03351	Q71UE8	0
P97633	Q64578	0
Q9Z2A6	P26433	0
D3ZMP6	Q63357	0
Q9JI51	P49950	0
Q9Z270	Q9EPC6	0
Q99MZ8	M0RCH6	0
Q924S5	P15651	0
Q63942	P14562	0
O88453	Q9WU34	0
Q76JQ2	D4A563	0
Q9QZR6	M0RCH6	0
Q9QZR6	Q62786	0
Q923I8	P82471	0
P13596	P62909	0
Q9QZM5	A3RLA8	0
P18163	Q9QY17	0
Q6AYB8	D3ZM33	0
O55012	Q3KR94	0
Q6IMY8	Q9JMJ4	0
D3ZN27	Q63187	0
Q91ZY8	Q62813	0
P62850	Q8CHJ4	0
P14604	P20786	0
P26453	P11951	0
O35303	P09527	0
Q91XS8	P30427	0
Q9Z254	P08485	0
P34926	O08560	0
P18484	Q63053	0
Q63648	P12841	0
Q00972	B2GUZ5	0
D4A4K3	P21913	0
Q9QUH3	B2RYP8	0
P62815	B2RYN7	0
Q568Z4	Q4FZY0	0
P52164	P62909	0
D3ZMR2	P13832	0
D4A414	Q9Z2L0	0
D4A1J6	D4ACG2	0
P40307	D3ZJR1	0
P20761	P97633	0
P53563	P19637	0
P53767	Q5PQX1	0
P60901	Q62824	0
Q5U3Y8	D3ZRM9	0
P15178	D3ZB14	0
P31232	Q7TPJ0	0
O88884	P85515	0
Q8R490	P53534	0
Q53AQ4	D4A9D6	0
Q6AY56	P62494	0
Q9Z1P2	P20059	0
F1LP64	Q9Z2Q4	0
P20595	P13832	0
A0A0G2K5E4	P00884	0
P37285	P07633	0
P37397	Q63537	0
Q5U2Z3	P60892	0
Q5XI83	Q63092	0
D3ZF07	Q5I0E7	0
Q66HR2	P09483	0
Q6URK4	P60123	0
Q63645	P32851	0
D3ZU83	O35115	0
Q9R186	B2RYG6	0
Q9JIS1	P52947	0
P21396	Q8R515	0
O35180	Q63357	0
Q5XI81	Q9WVE9	0
Q9JK25	P34978	0
D3ZZK1	Q62786	0
P09951	G3V6H1	0
Q08602	O88506	0
P51638	P13084	0
D3ZAS1	P15127	0
P27139	P12841	0
P84083	P15431	0
E9PTY0	Q91XJ1	0
Q5XI32	Q5M824	0
P13086	Q64428	0
P21807	Q9Z1P2	0
Q9WVC0	D3ZMQ6	0
Q5U1Z2	P20417	0
P18418	P60517	0
P24368	P85969	0
P07824	P51577	0
O08962	P49187	0
B5DFJ4	P84889	0
O08816	Q6AXX6	0
P21571	P70615	0
P39052	Q09073	0
D3ZUV3	G3V8A5	0
Q924S5	O70436	0
Q7TP13	P63319	0
Q4QQW8	P20171	0
Q08464	D3Z8E6	0
Q9QZM5	P10888	0
P20595	D3ZER6	0
Q7TPK5	Q08851	0
P07825	D4A9D6	0
P08010	P47853	0
Q5M7U6	P16086	0
P62902	O35095	0
Q62739	P63329	0
P63281	P13233	0
Q9ES40	D4A9D6	0
Q8R3Z7	Q63226	0
D3ZGS3	Q6AYB8	0
G3V9H5	Q62786	0
F1M8X9	Q7TPJ0	0
Q62718	Q62786	0
P55006	Q6AYB8	0
Q8VI04	Q9QZK5	0
P05503	F1M5H6	0
P51111	P15127	0
Q8VI04	Q5XIU9	0
D3ZN21	P19225	0
B0BNJ0	Q99PS8	0
Q505J6	P19637	0
P62752	Q2TA68	0
Q9JK66	M0RCH6	0
Q499T5	Q5XIA1	0
Q03351	Q5FVH2	0
D4ABI7	P62836	0
P19814	Q06647	0
P48442	Q8K5A9	0
D4A720	P37090	0
G3V6K6	O55164	0
D4A7I6	P12390	0
Q7TP98	P45592	0
O35165	P35400	0
P06761	Q9JLU4	0
P26453	P10536	0
P97610	P12390	0
O35827	D3ZEF4	0
F1LWY1	Q4KLI7	0
P07323	B0BNK1	0
Q6P7S1	P31720	0
P48548	P34978	0
Q4FZT9	M0RCH6	0
D4ACG2	D3ZIC4	0
P0C6S7	Q4AE70	0
Q00959	Q07984	0
Q68A21	Q63538	0
P17078	D3ZEF4	0
Q64428	D3ZTP8	0
Q63053	Q9JLI4	0
P29117	B1WC42	0
P82808	Q9JJ54	0
Q812E9	Q63187	0
Q9JLI4	F1M5H6	0
M0R766	P69735	0
Q6KC51	Q5BJY9	0
D3ZZK1	Q63187	0
O70467	Q64725	0
P08909	P11884	0
Q64375	Q925B3	0
Q7TP59	P26433	0
P05182	P21533	0
A1L1I3	D4A244	0
P61169	Q63187	0
P09606	D4A208	0
Q9ESI7	P20781	0
P36972	Q499V0	0
D4A720	F1MA98	0
P48442	D3ZAF6	0
Q64375	M0RCH6	0
Q6RJR6	P33274	0
Q4KLI0	C0JPT7	0
M0RCH6	Q62786	0
P97756	Q3SWU3	0
D3ZZY5	F1LU48	0
P82808	Q6P9U3	0
D4A8G7	P16975	0
P63041	Q68FX4	0
P33535	O35353	0
Q62950	Q63187	0
P61354	G3V7P1	0
D3ZHX2	F1LMV9	0
P62845	P84586	0
Q9Z330	Q66HG9	0
Q5RKI1	B2RYN7	0
Q62826	Q63187	0
P12369	P33274	0
P62083	Q68FS2	0
D3ZU83	F1M4P5	0
Q812E9	D3ZEF4	0
Q9ES38	O88406	0
P62268	P11530	0
P06761	Q66HA6	0
P62902	P61621	0
O70437	P53563	0
P16975	P26260	0
Q8K586	D3ZAK6	0
Q63120	Q9EQX9	0
P10888	A3RLA8	0
P19491	Q9JKS6	0
P31423	P70566	0
Q06880	P05943	0
P09330	P43527	0
Q9WUD2	P15127	0
P10361	Q9JJK1	0
P61212	P04636	0
Q9WUF4	P31722	0
Q5BJS7	Q91V33	0
Q9WV78	Q8R4T5	0
F1M4I4	O88382	0
B2RYF7	Q04666	0
D3ZML2	Q63187	0
D3ZJR1	Q63965	0
A0A8I6A597	P86182	0
Q6AXS5	Q52KJ9	0
P08290	P70500	0
Q6AYL4	P50503	0
P97612	Q5XIM9	0
P63329	P23441	0
D3ZZJ4	P07936	0
P07824	Q5M7W4	0
P62850	Q5U302	0
Q8VHV7	Q5GFD9	0
G3V8D4	Q566E4	0
Q63622	Q8VI04	0
Q6AZ54	Q63269	0
F1LXJ9	Q6AY56	0
P67779	P22062	0
P70569	P11240	0
Q63615	P35280	0
P70587	P56558	0
Q8R4T5	P69682	0
D3ZD48	P33274	0
P04041	D3ZJZ0	0
P06687	P56536	0
Q9QZK5	Q8R512	0
Q5PPJ9	Q62952	0
Q62839	F1MAL5	0
F1LMV9	P20059	0
Q5FVH0	Q5RKI5	0
Q07984	O08565	0
G3V6T1	D3ZEF4	0
P51639	Q76JQ2	0
D3ZB14	P09034	0
Q68G38	O70441	0
P20595	Q64568	0
Q9EQ76	O70260	0
Q9JJM9	P84082	0
P05982	P21533	0
Q7TT49	P30839	0
P62916	Q62786	0
Q4FZT9	Q62786	0
Q925C0	D3ZZK1	0
P15385	Q52KJ9	0
Q0PMD2	P54921	0
P21994	Q5U318	0
P04797	D3ZTP8	0
Q4QQW8	P34978	0
D4A332	Q62786	0
Q62764	P09483	0
Q6QLM7	B0BN70	0
Q9JLU4	P17164	0
Q01062	P03994	0
O54874	Q63187	0
P34901	P08592	0
O35244	P22062	0
Q9EPI6	Q62839	0
B0BNB1	Q6IFU8	0
Q9QXQ0	O55005	0
P08081	M0RCH6	0
Q63226	P13233	0
P52947	Q62888	0
P29457	P20059	0
Q6P9T8	P50878	0
Q499T5	P20942	0
P18163	P63170	0
D3ZVR0	D3ZU83	0
Q6AYI1	G3V6H1	0
P48548	Q63187	0
D3ZKL4	Q6Q7Y5	0
Q6P685	G3V8A5	0
Q5XI81	Q62786	0
I6L9G6	P28494	0
D3ZIC4	P22062	0
Q99PS8	Q68FQ0	0
O88813	Q63396	0
A0A0U1RS25	Q9R0I6	0
P56536	Q6P7A9	0
P26772	F1LMY4	0
Q7TP59	A3RLA8	0
Q9R044	O70436	0
B4F7E7	Q99N34	0
Q62950	M0RCH6	0
Q9WUD2	P62494	0
D3ZZA8	Q06647	0
F1LWY1	P47198	0
P35739	P19332	0
P62902	Q71UF4	0
P42260	E9PTS4	0
Q9Z0W5	E9PTI6	0
Q9QXY2	Q63746	0
P12749	Q5XIG8	0
D3ZRX1	P31232	0
O09139	D3ZEF4	0
P21213	P70483	0
Q9QX69	Q6VBQ5	0
Q76JQ2	Q8K430	0
P17074	Q6QLM7	0
P62989	Q9Z2X5	0
Q63634	P05765	0
Q7TPK6	Q01177	0
P13264	Q8K4S7	0
P51583	O88763	0
Q63716	Q5FVH2	0
P56574	P09456	0
Q80VX4	P33274	0
Q2TL32	P04785	0
D4AE41	O35867	0
B5DFH3	D3ZU83	0
P54001	P60892	0
P08011	Q9QXQ0	0
G3V9N9	P04644	0
P58200	Q7TNZ6	0
P05545	P30839	0
Q5PQQ3	B2RYG6	0
