P38828	P38315
P38828	P37366
P15179	P27515
Q99257	Q03220
Q99257	Q03785
P40522	P38315
P37254	Q03785
P37254	Q03220
P37254	P29509
P28263	P38315
P28263	P32447
Q04199	Q03785
Q04199	Q03220
Q04199	P38315
Q04199	P32447
P48567	P38315
P48567	P37366
P39937	Q03220
P22214	P38315
P33312	P27515
P23287	P34730
P23287	P39962
P53878	P37366
P53878	P29509
P27616	P38315
Q02159	P38315
P32381	P38315
P32381	P32447
P00815	P27515
P53128	P27515
Q05473	P38315
Q05473	Q03220
Q05635	P38315
P08465	P32906
P57743	P38315
P57743	P37366
P57743	P32447
P53833	Q06224
P53833	Q08361
Q03653	P38315
P40187	P38315
P40187	P37366
P43605	P40103
P13130	P29509
P13130	P32906
P20606	P38315
P32561	P38315
Q07825	P37366
P40478	P40103
P53941	Q08361
Q03465	Q05937
Q03465	P38315
Q03465	P32447
Q06103	P38315
Q06103	P37366
P27351	P38315
P27351	P37366
P32351	Q03785
P32799	P47131
P40493	P53239
Q04119	P29509
P23059	P38315
P23059	P37366
P21306	P40103
P38852	P38315
P38852	P32447
Q06340	Q12339
Q06340	P38315
Q06340	Q03220
P53256	P17065
P36080	P38315
P36080	P32447
P00360	P29509
P39953	P18238
P53039	P40103
P46670	P32447
P05739	Q06217
P05739	P53295
P40499	P40103
Q06160	P38315
Q08904	Q03220
P37012	P27515
P22213	P38315
P38195	P32447
P23594	Q03785
P23594	Q03220
P23594	P38315
P23594	Q08361
P23594	P37366
P23594	P32447
Q12522	P38315
P11632	P37366
P40007	Q03220
P40007	P38315
P40007	P32447
P40007	P37366
P04911	P32447
P04911	P37366
Q06665	P38315
Q12339	P38315
P50085	Q08361
P40515	Q03785
Q9P305	P37366
Q08647	P38315
Q08647	P37366
Q06489	P27515
Q01802	P29509
Q00246	P29509
P53734	P39961
Q05567	P29509
P36017	P29509
P53879	P38315
Q02555	P38315
Q02555	P37366
P38709	P38315
P38709	P32447
P38711	P37366
P40994	P32864
P40994	P38315
P40994	P29509
P20434	P38315
P20434	P37366
Q08741	P32447
Q12051	P27515
Q12049	P38315
O13555	P32447
Q04179	P27515
P0CG63	P38315
P0CG63	Q03785
P0CG63	P37366
P0CG63	P32447
P38615	P32906
P32316	Q03785
P32316	Q03220
P25554	P38315
P25554	P32447
P54113	P27515
Q00711	Q03220
Q00711	Q03785
Q00711	P38315
Q00711	P37366
P43604	P40103
P53197	P38315
Q04213	P17065
Q04213	P53256
Q02887	P38315
Q02887	P32447
P53167	P38139
P53167	P38315
P53167	Q03785
P38920	Q03220
P38920	P38315
P38920	Q03785
P38920	P29509
P38920	P37366
P38920	P32906
P38920	Q08361
P32342	P38315
P21242	Q03785
P21243	Q03785
P53011	P38315
P53011	Q08361
P53011	P32447
P53011	P37366
P53011	P29509
P48564	P38315
P38757	P14681
P40302	Q03785
P38182	Q03785
P0C0X0	P38315
P0C0X0	P37366
P00445	P27515
Q04902	Q03785
P36149	P38315
P29311	Q03785
P29311	P38315
P29311	Q08361
P29311	P37366
P41895	P38315
P41895	P32447
P22354	Q08361
Q05775	P38315
Q03144	P38315
Q03702	P38315
Q12358	P29509
Q02753	P32447
P32598	P38315
P32598	Q03220
P32598	Q03785
P32598	P27515
P32598	Q08361
P32598	P32447
P38912	P37366
Q08729	P38315
Q08729	Q03220
Q08729	P37366
P39998	Q03220
P39998	P38315
P39998	P32447
P25555	P38315
P25555	P37366
P32340	P32906
P47052	Q03220
P47052	Q03785
P47052	P38315
P47052	P32906
P47052	P37366
Q06631	P38315
Q06631	P37366
Q06631	P32447
Q00776	P38315
Q00776	P32447
Q00776	P37366
Q12239	P40103
Q02939	Q04347
Q02939	P28000
Q02939	Q04225
P06844	P38315
P06844	P32447
P53043	P38315
P53043	P37366
P19882	P38315
Q12050	P47130
Q12050	P26309
Q12050	Q12090
Q12050	P02365
P27999	P38315
P27999	Q03220
P47130	P26309
P47130	Q12090
P47130	P40955
P47130	P02365
P53841	P32447
P06843	P38315
P06843	P32447
P32524	P38315
P53201	P37366
Q07748	P32906
P53166	P38315
P53743	P37366
P32468	Q03785
P32468	P38315
P38704	P37366
P33324	P14681
P33324	P41814
P40368	P38315
P40368	P32447
P38315	P37366
P53909	P27515
P28789	P37366
P28789	P27515
P35196	P27515
P38238	Q03220
P38238	P38315
P01120	Q03785
P01120	P29509
P53156	Q08361
P38061	P38315
P38061	P32447
P38061	P37366
P53861	P40498
P53861	Q12208
P53861	P38315
P40348	P38315
P40348	Q03220
P40970	P27515
P38328	P38315
P09201	P27515
P47150	Q08361
Q05955	P38315
Q05955	P32447
P54838	P27515
P38348	P38315
P04385	P38315
P04385	P27515
P17157	P38315
P17157	Q03785
P17157	Q03768
P17157	P37366
P18851	Q03785
P18851	P38315
P18851	P37366
Q12743	P40103
Q12033	Q03785
Q12033	P38315
P38763	P38315
P38763	P29509
P17119	P38315
P17119	P32447
P53885	P38315
P53885	Q03220
P19414	P29509
P38818	P32906
P31383	P38315
Q06682	P38315
Q06682	P32447
Q06682	P29509
P33304	P38315
P46943	P27515
P40077	P38315
Q12035	P38315
Q12035	Q03220
Q12035	P32447
Q12035	P37366
Q02209	Q03220
Q02209	P38315
Q02209	P37366
Q04934	P38991
Q12380	P38315
P32913	P38315
P36526	P32447
Q12468	P33417
P36013	P32906
P36013	P29509
P38326	P38315
P38326	P37366
Q03067	P32447
Q03067	P37366
P53150	P38315
P36106	P38315
P36106	P32447
P36106	P37366
P38625	Q03220
P38625	P38315
P38625	Q08361
P38625	P29509
P38625	P27515
P20049	P32263
P53742	P38315
P53742	Q03220
Q06449	Q06336
P38858	Q03220
P38858	Q03785
P38858	P27515
Q12748	P38315
Q03308	P38315
P47771	P27515
A5Z2X5	P54837
P07249	P37366
P39994	P37366
Q12154	P27515
Q12154	P37366
Q12166	P29509
P40416	Q03220
P40416	P29509
P40096	P32447
P40096	P37366
P47032	P40103
P04147	Q12159
P38330	P38315
P38330	P29509
P36118	P38315
P36118	P37366
P05737	P37366
P25639	P40103
P11745	P38315
P11745	P32447
Q08649	P38315
Q08649	Q03220
Q08649	P32447
P53538	P38315
P32378	P27515
P12612	Q08273
P53921	Q03220
P53921	P32447
P40015	P29509
P36130	P38315
P36130	P37366
P05750	P37366
P05750	P32447
P48559	P29509
P32353	P27515
P38803	P47130
P38803	P26309
P38803	P02365
P38283	P38315
P45819	P37366
P26784	P38315
P26784	Q03220
P26784	P37366
Q06208	P38315
Q06208	P37366
P41896	Q03220
P41896	P38315
P17121	P38315
P17121	P32906
P43607	P06243
Q12510	P38315
Q12510	Q03220
Q12510	P32447
P53946	P38315
P25341	Q08225
P38174	P37366
Q12254	P36156
P12688	P34243
Q06267	P32447
Q05040	P38315
P35996	P32447
P25593	P38315
P25593	Q08361
P25593	P37366
P25637	P37366
P46958	P29509
P46958	P32447
Q6B0X2	P32447
P38782	P32906
Q12363	P37366
P43497	P32906
P32910	P07253
P32910	Q03220
P32910	P38315
P32910	P37366
P32910	Q08361
P43609	P38315
P43609	Q08361
P43609	P37366
Q08683	P38315
P47168	P38315
P47168	P32447
Q03036	P37366
P38334	P38315
P25087	P40103
P25337	P38315
P25337	P37366
P00572	P27515
P00572	P32906
Q06524	P32799
P33421	P40103
P43535	P38315
Q08919	P29509
P0CD91	P32906
Q92317	P38315
Q92317	P37366
Q12084	Q03785
Q12084	P27515
P38772	P32447
Q07927	P32447
P0C0W9	P32447
P53335	P38315
P33328	P40103
P53866	Q03220
P53866	P38315
Q12208	P40498
Q12208	P47017
Q12208	P38315
Q12208	Q03220
P43561	P38315
P43561	P32447
P43561	P32906
P34072	P38315
Q04489	P27515
P32776	P53011
P32776	P38315
P32939	P29509
P38721	P38315
P53131	P38315
P53131	Q03785
P53131	Q03220
P53131	P37366
P39517	P38315
P39517	Q03220
P39517	Q03785
P46992	P40103
P46673	P38315
P46673	P37366
P15108	Q03785
P15108	P27515
P15108	P37366
P26786	P37366
P52893	P38315
P52893	P32906
P33322	Q03220
P33322	P38315
P26188	Q03785
Q9ZZX0	P32906
P38998	Q03785
P53686	Q03785
P53686	Q03220
P53686	P27515
P54790	P38315
P54790	Q03220
P53109	P40103
P53109	P32447
P19736	P38315
P19736	P37366
P22768	Q03785
P22768	P27515
P22768	P29509
Q12415	P27515
Q08952	P48581
Q04003	P38712
Q04003	P38315
Q06696	P38315
Q06696	Q03220
Q06696	P37366
P23724	Q03785
P39959	P38315
Q99326	P49956
Q99326	P40161
P23833	P40103
Q01589	P32906
Q03151	P38315
Q03151	Q03220
Q04418	P38315
P53218	P37366
P53541	P32906
P38793	P20448
P38793	P38315
O94742	P40103
Q12074	P27515
P53202	P38315
P53202	Q08361
P48164	P32447
Q12149	Q03220
Q12149	P38315
P05749	P38315
P40167	P47130
P40167	P26309
Q06678	O74700
P16151	P40103
P11746	P32447
P53551	Q03785
P53551	P27515
P47077	Q03220
P47077	P38315
P33767	P29509
P33201	P38315
P33201	P37366
Q04049	P38315
P32633	P32447
Q06218	P38315
Q06218	Q03220
Q06218	P37366
Q06218	P32447
Q08109	P40103
P38889	P29509
P38889	P37366
P06634	P38315
P06634	Q03785
P28241	P32906
P47153	P40103
P40956	P38315
Q04772	Q08361
P53901	P38315
Q06511	P36531
Q06511	P38315
Q02354	Q03220
Q02354	P38315
P32493	Q03785
P32493	P38315
P34219	P32906
P38993	P38315
P38993	Q03220
P38993	P37366
P43573	P38315
P43573	P37366
P43573	P32447
P21192	P23291
P29055	P38315
P29055	P37366
P38208	P26309
P53093	P40103
P47155	P40103
P47155	P32447
P25617	P38315
P25617	P37366
Q06675	Q03220
Q06675	P38315
Q06675	P37366
Q12745	P38315
Q12745	P37366
P32345	P38339
P32345	P25693
P32345	P38315
P32345	Q03785
Q06406	P25632
Q06406	P38315
P42935	P38315
P42935	P37366
P42935	P29509
P21801	P32906
P46678	P38315
P46678	Q03785
P46678	P37366
P25368	P38315
Q06134	P38315
P53880	P32447
P40546	Q03220
P40546	P38315
P40546	P37366
P14306	P40103
P32048	Q03220
P32048	P27515
Q00618	P38315
P38934	P38315
Q00723	P32447
Q05580	Q03785
Q12265	P27515
Q12303	P29509
P04173	P29509
P31376	P38315
Q03430	P38315
P53863	P38315
P40422	P37366
P53769	P38315
P06774	P37366
P53972	P38324
Q08271	P32906
P20053	P38315
P53688	P27515
P34162	Q03785
P34162	P37366
P05748	Q03220
P05748	P38315
P05748	P37366
P40459	P27515
P38792	P38315
P38792	P29509
P38792	Q08361
P53215	P38315
P53215	P37366
P31377	P40103
P40070	P32447
P40489	P34730
P09624	P32906
Q6Q595	P38315
Q6Q595	Q03220
Q6Q595	P37366
P53279	P40103
P53733	P32447
P53378	P25454
P53378	P32906
P38089	P34730
P38887	P38315
P38887	P37366
P50082	P38315
P50082	Q08361
P36046	P40103
Q00362	P40362
Q00362	P04650
Q00362	P25453
P32841	P35718
P00924	P29509
P00924	P27515
Q08496	P47079
P12695	P29509
P87272	P32447
P52871	P40103
Q06188	P38315
Q06188	P37366
Q12196	P38315
Q12196	P32447
Q07993	P18238
P47039	P32906
P32912	P38315
Q06149	Q03785
Q06149	P32906
P47048	P38315
P09932	P38315
P38067	P27515
P53615	P27515
P25453	P22211
P25453	P23291
P25453	Q12504
Q03687	P40103
P38720	P47130
P38720	Q06169
Q03630	P38315
Q03630	Q03785
Q03630	P27515
P38177	P37366
Q06648	Q03220
Q06648	P38315
Q03525	P32447
O14467	P37366
Q04377	P38315
P38292	P40103
P53877	Q03220
P53877	P38315
P53829	P37366
P02294	P32447
P02294	P37366
P32864	P32447
P15732	P38615
P15732	P38315
Q12059	P38315
P38128	Q03785
P38128	P37366
P54999	P40161
P54999	P49956
P31115	P40042
P39952	P32906
P38278	P37366
P34243	P0CX53
P34243	Q08273
Q03654	P38315
Q03654	Q03220
P33297	P37366
Q08822	Q03785
Q08822	P37366
Q12092	Q03220
Q12092	P38315
Q12092	P37366
P28777	P38315
P06700	Q03785
P06700	P27515
P40354	P38315
P40354	Q03220
Q07350	P38315
Q07350	Q03220
P46959	P38315
P0CX31	P38315
P0CX31	P37366
Q04401	Q08361
P48236	P40103
P38338	P38315
P07884	P27515
P47095	P38315
P27614	P29509
P25567	P38315
P25567	P37366
Q12186	P37366
P21576	Q03785
P40308	P32447
P52488	P37366
P38771	Q08361
P38801	P38315
P50079	P37366
Q00764	Q03785
Q00764	P32906
P32473	P27515
P23595	P38315
P23595	Q03220
P23595	Q03785
P23595	Q08361
P20435	P37366
P03878	P29509
P53260	P40314
P38856	P38315
P07260	P37366
P53738	P38315
P53738	Q03220
P40303	Q03785
P40303	P38315
P34164	P29509
P34164	P40103
P34164	P37366
P43623	P29509
P28834	P29509
P28834	P32906
P52286	P38315
P52286	P32447
P25043	Q03785
P25043	P37366
A0A023PZE8	P3
P20084	P32447
P20084	P37366
P38317	P40103
P19956	P37366
Q04364	Q03785
Q12214	P37366
Q06624	P32447
Q06624	P37366
Q12342	P38315
Q3E840	Q08273
P32875	P38315
P32875	P37366
P36049	P38315
P36049	Q03220
P36049	P37366
P36049	P32447
P53196	P38315
P53196	P37366
P15731	P38315
P15731	P32447
P00817	Q08361
P00817	P37366
P12887	P27515
Q03559	P37366
P40080	P37366
P38754	P32447
P53741	P37366
P05747	P38315
P05747	P32447
P41816	P27515
P53904	P37366
Q05506	P38315
Q05506	Q03220
Q05506	P27515
Q07381	P38315
Q07381	Q03220
Q07381	P32447
P06780	P38315
P38063	P27515
P37262	Q03220
P37262	P27515
P37262	P32906
P37262	P37366
P36521	Q03220
P36521	Q03785
P36521	P38315
P36521	P37366
P32481	P37366
P53096	P38315
P53096	P32447
P48362	P32447
Q07923	P49956
Q12222	Q03220
Q12222	P32906
P38913	P38315
P38913	P27515
P42841	P38315
P42841	P37366
P36102	P38315
Q12348	Q03785
Q12348	P38315
Q12348	P37366
P35197	P40103
P35197	P37366
P47176	P26448
P47176	P54999
P33751	P27515
P33751	P32906
P41733	P32906
P32379	Q03785
P32379	P38315
Q12080	P38315
Q12080	Q03220
Q12480	P27515
Q6B0Y7	P32447
P32325	P38315
Q08818	Q03785
P20433	P38315
P53312	P32906
P53330	P32910
P32526	P24869
Q04659	P38315
Q04659	P37366
P38822	Q03785
P53147	P37366
P40539	P40103
P25374	P37366
P53073	P40103
Q08902	P29509
P38719	P38315
P38719	Q03220
P38719	P32447
P25441	P38315
P40500	P40103
Q05029	P38315
Q05029	P29509
P36015	P36019
P36015	P38315
P36015	Q03785
P36015	P27515
P0CX51	P32447
P38788	P37366
P40050	P38315
P40050	Q03220
Q03175	P27515
P25627	P38315
P06778	P38315
P38786	P38315
P40051	P37366
P15873	P53145
P15873	P38315
P15873	P37366
P20134	P29509
Q05670	P15705
Q05670	P38315
P47177	P27515
P39077	Q03220
P39077	P38315
P39077	P29509
P39077	P37366
P39077	P27515
P39077	P32906
Q08219	P40103
Q12182	P38315
Q12182	Q03220
P05756	P38315
P05756	P47084
P05756	P37366
P54000	P38315
P53982	P29509
P53982	P32906
P25584	P40103
P22470	Q03785
P22470	P29509
P51534	P38315
P53318	P29509
P32562	P38315
P47025	P38315
P47025	P29509
P47025	P37366
P40063	P38315
P54867	P40103
P25039	P38315
P25039	P37366
P25039	P27515
Q12255	P38315
P53295	P38315
Q12333	P40103
P21826	P37366
P30657	Q03785
P35817	P54999
Q12420	P38315
P40986	P40103
P24720	Q03220
P24720	P38315
Q3E754	P34730
Q12090	P26309
Q12090	P02365
Q12090	P40955
P36160	Q03220
P36160	P38315
P36160	P37366
P32191	P38315
P32191	P27515
P32191	P29509
P35997	P37366
Q12499	P38315
Q12499	Q03220
Q12499	P32447
P32893	P29509
P25454	Q03220
P25454	Q03785
P25454	P38315
P25454	P32447
Q08745	Q03785
P47086	P37366
P53169	P38315
P53169	P32906
P54791	P38315
P54791	Q03220
P54791	P37366
P53847	P38315
P53847	P37366
P41913	P37366
P42838	P37366
P40066	P38633
P40066	P38315
P06197	P27515
P35843	Q03785
Q08421	P38315
P32190	Q03785
P32190	P32447
P32190	Q08361
P32190	P32906
P00401	P32906
P10081	P38315
P10081	Q03785
P10081	Q03220
Q05533	P27515
P00045	P32906
P00045	P27515
Q08774	Q03220
P38785	P17065
P38789	P38315
P38789	Q03220
P36534	P05747
P36534	P38315
P36534	P37366
P38833	Q03220
P38833	P38315
P38833	P32447
Q12211	P49090
Q12211	Q03785
Q12211	P38315
Q12211	P29509
P02293	P37366
Q08961	P38315
P38883	Q03220
P38883	P38315
P04161	Q03785
P04161	P29509
P04161	P27515
P25577	P40103
P39875	P38315
P39875	P37366
P22139	P38315
P22139	P32447
P53905	P38315
P38258	P32447
P53183	P29509
P53183	P32906
Q08032	P38315
Q08032	P32447
Q08032	P37366
P53088	Q03220
P53088	Q03785
P53088	P38315
P53088	P27515
P53088	P37366
Q12164	P40103
P38932	Q03220
P38932	P38315
P40992	P38315
Q08974	P40103
P53881	P38315
P53881	P32447
P53881	P37366
P38922	P38315
P38922	P32447
P38922	P37366
P33759	Q99383
P53290	P29509
P35719	P38315
Q02892	Q03220
Q02892	P38315
P43124	P26309
P06242	P37366
P37298	P40103
Q02208	P38315
Q12298	Q03220
Q12298	P38315
Q12069	P38315
Q12069	P37366
P43554	P38315
Q12086	P38315
P43570	P38315
P38170	P38315
P38170	P37366
P38962	P40103
P30283	P38315
P30283	Q03220
P30283	P32447
P28000	Q06820
P28000	Q04347
P28000	P30620
P28000	Q04225
P09620	P32906
P09620	P32447
Q12446	P38315
Q12446	P37366
P26754	P37366
P39534	Q03220
P39534	P38315
P39534	Q03785
Q12355	P32906
P53319	Q03785
P53319	Q03220
P53319	P29509
P40314	P38315
Q08959	P38315
Q08959	Q03220
Q08959	Q08361
Q08959	P29509
P32569	P38315
P53210	P32447
Q06440	P38315
Q06440	P37366
Q06505	P38315
P61830	P37366
P61830	P32447
Q07084	P37366
Q12257	P38315
Q02197	P38315
Q05610	P32447
P38753	Q03785
P38779	P43601
P38779	P38315
P32860	P37366
Q08119	P38315
Q08119	Q03220
Q03799	Q08361
P07280	P0CX53
P07280	Q08412
P07280	P34243
P26309	P02365
P26309	Q04839
P32584	P40103
P34227	P32906
Q12315	P37366
P40002	P38315
P40002	Q08361
P06103	P29509
P43639	P50278
P43639	P32447
Q03798	P32906
P32892	P38315
P32892	Q03220
P32892	P32447
P46655	P29509
P46655	P27515
P53883	P37366
Q08444	P38315
P32791	P40103
P25338	P40103
P15303	P40103
P25355	P38315
P25355	P32906
P25355	Q08361
P25355	P32447
Q08492	P38315
Q08492	P32447
Q12017	P37366
Q12017	P32447
P15367	P32906
P47057	P38315
P39946	P38315
P39946	Q03220
P39946	P32447
P39946	P37366
P41807	P27515
P47006	P38315
P47006	P32447
P47006	P37366
O13297	Q03785
O13297	P37366
P38712	P38315
P38712	Q03785
P39081	P38315
P39081	P37366
P06776	Q08361
P06776	P29509
P38992	P27515
P48239	Q03785
P48239	P27515
P48239	P29509
P40055	P38315
P40055	Q03220
P40055	P37366
P36973	P27515
Q02821	P37366
Q12318	Q03220
Q12318	P38315
P25040	P37366
P32349	P38315
P32349	P37366
P53317	P38315
P38877	P38315
P38700	P38315
P38700	P32447
P13099	Q08273
P13099	Q08412
P13099	Q3E840
P38239	Q03785
P33315	P29509
P33315	P27515
P53924	P32447
P53272	P38315
Q03266	P38315
Q12250	P38315
P53919	P38315
P53919	Q03220
P53919	P32447
P32610	Q08361
P50623	P38315
P50623	P32447
P20436	P38315
P20436	Q03220
P38821	P32906
P25359	P38315
P25359	P37366
P35728	P37366
P07281	P38315
P07281	P37366
P39516	P37366
P38690	P27515
P42936	P27515
P25361	P40103
P40342	P38315
P40342	P37366
P10962	P54999
Q02775	P38315
P16664	P38315
P32264	P27515
P80428	Q03220
P80428	P38315
P80428	P37366
P40010	P38315
P40010	Q03220
P40010	P37366
P16370	P53064
P16370	P38315
P16370	P32447
P16370	P37366
O13329	P38315
O13329	P37366
P53261	Q03220
P53261	P38315
P53261	P37366
P36018	P29509
P32775	P40103
P32775	P27515
Q07478	P34226
Q07478	P38315
Q07478	Q03220
P32945	P38315
P32945	P37366
P38854	Q03785
P48510	P32447
P40491	P38315
P40491	Q08361
P06106	P29509
Q12515	P32447
P39735	Q03220
P11655	P38315
P17505	P29509
Q01919	P38315
Q01919	P37366
P52920	P38315
P40988	P40103
P11986	Q03220
P11986	Q03785
P11986	P38315
P11986	P29509
P11986	P37366
P09734	Q03220
P09734	Q03785
P09734	P32906
P09734	P29509
Q12400	P38315
Q12400	P37366
P41805	P37366
P36533	P32447
P43550	P27515
P46957	P38315
P36009	P38315
P36009	Q03220
P36009	P29509
P40568	P38315
P40009	Q03220
P36122	P38315
P53154	P27515
P48561	P38823
P48561	P38934
P48561	P38315
P48561	P32447
Q06512	P38315
Q06512	P37366
P53061	P38315
P53084	P32447
Q08702	P37366
Q08702	P32447
Q07528	P38315
P40470	Q12052
P40470	P38315
P43621	P38315
P43621	P29509
Q12083	P53632
Q12083	P38315
Q12083	Q03785
Q12083	Q03220
Q12083	P32906
Q12083	Q08361
P47101	P39079
P53852	P27515
P0CX55	Q03220
P0CX55	P38315
P0CX55	P37366
P0CX55	P32447
P15424	P54999
Q07953	P38315
Q07953	P37366
P36104	P38315
P21374	P50278
P21374	P38315
P04449	P32447
P32606	P38315
P32606	Q03220
Q12455	P27515
P53032	P37366
P15202	P27515
P38193	P38315
P38193	P37366
P38193	P32447
P40561	P49960
P40561	Q04599
P40561	P39990
P53871	Q08361
P25294	P29509
P25294	P37366
Q02969	P38315
P40028	P38315
P40028	P29509
P46784	Q03785
P49435	P27515
P47058	Q03220
P47058	Q03785
P47058	P38315
P47058	P27515
P47058	P37366
P14064	P37366
P32833	Q03220
P32833	P38315
P53323	P37366
Q06344	P38315
Q06344	P37366
P45976	P37366
Q12309	Q03220
Q12309	P38315
Q12309	P32447
Q12309	P37366
Q07845	P29509
Q3E747	P32447
P25626	P32447
P25626	P37366
P32329	Q03785
P32329	Q03220
P32329	P29509
Q12055	P38315
Q12055	P27515
P32350	P32906
P38277	P38315
P24031	P32906
P38257	P38315
P36019	P38315
P32317	Q08361
P32317	P32447
P25348	P14120
P40498	P38315
P40498	Q03220
P40498	P37366
P32829	Q03220
P32829	P38315
P32829	P32447
P32829	P37366
P52491	P32447
P47075	P38315
P05373	P27515
Q06537	P40103
Q07938	P27515
P32611	P32447
P32505	P37366
P23638	Q03785
P40555	P36156
P41940	P27515
P24783	P38315
P24783	Q03785
P36000	P38315
P38696	Q03785
P23248	P38315
P29496	P38315
P29496	P29509
P40583	P38315
Q12007	P27515
Q12427	P32447
Q03786	P27515
P60010	P32447
P35718	P38315
Q02554	P38315
Q02554	P37366
P52917	P38315
P52917	P37366
Q03435	P37366
Q92325	P38315
Q92325	P37366
P30619	P38315
P38205	P38315
P38205	P37366
Q99359	P38315
P53107	P38315
P13712	P38315
P36083	P38315
P09032	P38315
P09032	P27515
P22353	P32447
P36119	P38315
P36119	P37366
Q08004	Q03220
Q08004	P38315
Q08004	P37366
P38991	Q03935
P33309	P38315
P25382	P38315
P25382	P32447
Q03262	P37366
Q03262	P27515
P53437	P38315
P36145	P38315
P36145	P37366
P53754	P37366
P50264	P32447
Q04432	P27515
Q05949	P38315
P48527	P32906
P32838	Q03785
P32838	P38315
P32838	Q03220
Q04053	P38315
P39965	P34730
P52891	P38315
P52891	P37366
P06104	P38315
P06104	P32447
P06104	P37366
P06104	P40103
P40356	P38315
Q08422	P37366
Q06346	P40103
P38826	P38315
P38826	P32447
P38826	P37366
P38632	Q03785
P33317	Q03220
P33317	P27515
P33317	P29509
P40960	P38315
P40960	P37366
P28007	P38315
P46944	P38315
P42883	P32906
P50105	Q03220
P50105	P38315
P50105	P37366
P49704	P12385
P49704	Q06629
P49704	Q03220
P29468	P37366
P40072	P37366
P41808	P26448
Q08992	Q03785
P39708	P29509
P47076	P46672
P47076	P41735
P47076	P38315
P47076	P27515
Q03784	P38746
Q03784	Q03785
P39744	P38315
P39744	Q03220
P40335	P36121
Q05568	Q03220
P40858	P32447
P13711	P27515
P53281	P38315
P53038	P38315
P33299	P37366
P22217	P27515
P25644	P38315
P25644	P37366
P22203	Q08361
P20447	Q03785
P20447	Q03220
P20447	P38315
P20447	P32447
P20447	P37366
P32580	P38315
P32788	P37366
P34078	P38315
P34078	Q03220
Q04437	Q03220
Q04437	P38315
Q04437	P37366
Q03835	P27515
P25335	P38315
P25335	P37366
P38225	P04912
Q12508	P38315
P25332	P27515
P35842	P32906
Q05468	P38315
Q05468	P37366
P03874	Q03220
P46987	P38315
P46987	P37366
Q07843	P38315
Q07843	Q03220
P40026	P38315
P40026	P32447
P38009	P27515
P42943	Q03785
P42943	P38315
Q07897	P38315
Q07897	Q03220
P42846	P38315
P42846	Q03220
P54780	P38315
P54780	P32447
P54780	P37366
P53326	P29509
Q04511	P38315
Q04511	Q03220
P15705	P32447
Q03778	P32906
Q08692	P32447
P39078	P38315
P39078	P37366
P48570	P38315
P48570	Q03220
P48570	Q03785
P48570	P37366
Q04411	P38315
P43545	P27515
Q06629	P38315
P15315	P37366
P15315	P32447
P36100	P38315
P36100	P32447
P36152	P38315
P40090	P38315
P40990	Q03785
P00931	P27515
P53297	P38315
P53297	P37366
Q12093	Q03220
Q12093	P38315
Q12093	P27515
Q12093	Q08361
P41318	P38315
P41318	Q03220
P41318	P32447
P36144	P38315
P53305	P38315
P53305	P37366
Q12676	P27515
Q12016	P40103
P0CX29	P38315
P54787	P38315
P54787	P37366
P06839	Q03220
P06839	P38315
P06839	P29509
P06839	P32447
P07253	P38315
P07253	P37366
Q06411	P38315
P39713	P29509
P18899	P38315
P17558	P38315
P53584	P40103
P47082	P40103
P06243	P36156
P06243	P38687
Q99296	P38315
P52492	P38315
P52492	Q03220
P52492	P37366
P52492	P32447
P43586	P38315
P24784	P38315
P24784	Q03785
P42843	Q03785
P40156	Q08361
P49017	Q08361
P38805	P38315
P07283	P27515
P38169	P32447
Q03388	P38315
Q03388	P37366
Q03388	P32447
Q07799	P38315
P35691	P40103
P43534	P29509
P43534	P32906
P08536	Q01976
P08536	P29509
P53136	P38315
P53136	Q03220
P43541	P32447
P38070	P38315
P38070	P32447
P32366	Q03785
P32905	P38315
P32905	P27515
Q02950	Q08361
O13516	P38315
P38693	P32906
Q12429	Q03785
Q04177	Q03220
Q04177	P38315
Q04177	P37366
P39729	P38315
P39729	P37366
Q03919	P38315
Q03919	P37366
Q03919	P32447
P40016	P38315
Q04033	P32906
P40033	P38315
P40033	Q03220
P36516	Q08361
P36516	P32906
P25334	P32906
P32495	P38315
P16522	P38315
P38323	P38315
P53299	P40103
P38431	P38315
P38431	P37366
P53962	P36158
P53962	Q03220
P53962	Q03785
P53962	P38315
P53962	P37366
P53962	P32447
P53962	P27515
P53962	Q08361
P36136	P27515
Q03656	P38315
P05319	P37366
Q12128	P40042
P38760	Q03785
P38760	P29509
P53044	P37366
P53187	P38315
Q08956	P38315
Q08956	P29509
P51401	Q03785
P51401	P37366
P40530	P29509
P38166	P40103
P43321	P38315
P43321	P37366
P32806	P38315
P25298	P38315
P25298	P37366
P41939	P29509
P41939	P32906
Q07729	Q03785
Q07729	P38315
Q07729	Q03220
Q07729	P27515
P38682	P38315
P26793	P38315
P26793	Q08361
P26793	P37366
Q07657	P29509
P53221	P32447
P09119	Q03220
P09119	P38315
P09119	P37366
Q12483	Q03220
P32525	P37366
Q03195	Q03220
Q03195	Q03785
Q03195	P38315
Q03195	P37366
Q03195	P29509
P04801	P38315
P04801	Q03785
P04801	P37366
P25301	P38315
P25301	Q03220
Q01329	P38315
Q01329	P29509
Q12118	P32447
P43615	P38315
P32605	P38315
Q03759	P38315
Q03759	P37366
Q12432	P38247
P38911	P39732
P38911	Q03785
P38911	P38315
P38911	Q08361
P38911	P32447
P25378	P32447
P36010	P27515
Q02770	P38315
Q02770	P37366
Q02770	P32447
Q04491	P38315
Q04491	P27515
Q04491	Q08361
Q04491	P32447
Q04491	P29509
Q04491	P32906
Q04491	P37366
Q03433	P38315
P47113	P38315
P47113	P37366
O13569	P32447
P20081	P32447
Q12308	Q03785
Q12308	P38315
Q12308	P37366
Q02908	P38315
Q04178	P27515
P11163	P34730
P43602	P32447
Q06104	P40103
P36076	P38315
P36076	P27515
P36076	P32447
P40163	P32447
P43558	P38315
P43558	P29509
P53687	P37366
P53687	P27515
P38722	P38315
P38722	P37366
P26263	P29509
P53313	P38315
P53313	Q03220
P48412	Q03785
P48412	P38315
P38861	P38315
Q06217	P53295
Q06217	P38315
P32904	P32447
P29056	P38315
P29056	P37366
P39722	P29509
P53942	P38315
P53209	P40103
P25719	P32906
P43556	P38315
P47142	P38315
P47142	Q03785
P47142	Q03220
P47142	Q08361
P47142	P27515
P47142	P37366
P32579	Q03785
P32579	Q03220
P32579	Q08361
P32579	P29509
P40572	P32447
Q12487	Q03220
P0CX25	P37366
P38745	P40103
P36520	P32447
P32861	P32447
P03877	P38842
P31244	P38315
P31244	P32447
P31244	P37366
Q06328	P40103
P19073	P38315
P19073	P29509
Q06005	P37366
P38200	Q01662
P11412	P27515
Q99393	P40103
P32559	Q03785
Q06640	P37366
P11633	Q03220
P28817	P32906
P11076	P26448
P11076	Q06336
P11076	P54999
P11076	Q12163
P11076	P49956
Q07471	P38315
P37366	Q03220
Q08214	P38315
P36087	P38315
P36087	Q08361
P25451	P38315
P25451	Q03785
P40563	P37366
P47119	P27515
P47094	P32447
Q12004	P38315
Q12004	Q03220
Q12004	P37366
Q12004	Q08361
Q12004	P32447
Q03667	P40103
Q08457	P38315
P16474	P32447
Q06819	P38315
Q06819	P37366
P02829	Q03785
P02829	P29509
P02829	P27515
P40319	P40103
Q08580	P38315
P36113	Q03785
P36113	P32906
P40215	P29509
P40101	P38315
P40101	P40103
P20050	P38315
P20050	P37366
Q06608	Q03220
Q06608	P38315
P37291	P27515
P52892	P32906
Q02326	P32447
P36531	P38315
P36531	Q03220
P36531	Q08361
P32641	P38315
P32641	Q03220
P32641	P37366
Q08931	Q03220
Q08931	P38315
Q08931	P37366
P53851	P38315
P53851	P29509
Q08622	P32906
Q08622	Q08361
P38746	P38315
Q12136	P38353
P40693	P38315
P40968	P38315
P40968	P32447
P20424	P38315
P20424	P37366
Q06338	P38315
Q06338	P37366
P25349	P38315
P32772	P38315
P32772	P32447
Q05902	P38315
Q05902	P32906
Q12374	P38315
P47083	P38315
P53859	Q08361
P53859	P37366
P53066	P32447
P0C2H6	P32447
P24871	P38315
P24871	P32447
P24871	P37366
P69771	P16649
P53252	P32447
P53108	P56508
P38122	P32906
P53219	Q08361
P14736	P38315
Q12040	P27515
Q12157	Q03785
Q12157	P38315
Q12155	P40103
Q08979	P38315
Q08979	P0CX27
Q08979	P32447
Q01163	P38315
P38838	P37366
P53873	P38315
Q12030	P37366
Q03153	P38315
P35178	P38315
P35178	P32447
P25297	P29509
P32608	P38315
P32608	P27515
P32608	P32906
P53060	Q08952
P53060	P38991
P32449	P27515
P47133	P29509
P32590	P29509
P32590	P37366
Q06623	P38315
Q06623	P29509
P49090	P32906
P49090	P27515
P53100	P38315
P08067	P38315
P13393	P38315
P13393	P37366
P13393	P32447
Q08208	Q03220
Q08208	P38315
Q08208	P37366
P40168	P40103
P38957	P32447
Q01448	P38315
Q06109	P38315
Q06109	P37366
P18900	P27515
Q08215	Q03785
Q08215	P38315
P32463	Q08361
Q12158	P38315
Q12158	P37366
P18494	P29509
P14843	P27515
P38011	P0CX53
P38011	Q08273
P38011	P34243
P38011	Q3E840
P33313	Q03151
P06174	P38315
P20484	P38315
P20484	P32447
P13434	P38315
P13434	P37366
P13434	Q08361
P13434	P32447
P32807	P38315
P32807	P29509
P28003	P38315
P32895	P27515
P09457	Q08361
P14741	P38315
P14741	P27515
P38115	P29509
P27697	P32906
P06779	P38315
P06779	P37366
P30402	P27515
P39567	P37366
P39567	P32906
P13298	P27515
P39968	P27515
P40509	P29509
P17555	P32447
P38953	P38315
P38953	Q03220
P38953	Q08361
P38953	P37366
P40413	P38315
P40413	P37366
P40413	P29509
P10862	Q03785
P10862	P37366
Q08225	Q03785
P41920	P37366
P32573	P27515
P40154	P38315
P40154	P37366
P47041	Q03785
Q07362	P37366
P32377	Q08285
P32377	P35734
P16658	P38315
P39966	P37366
P35208	P38315
P35208	Q03785
P35208	P32906
P35208	P27515
P35208	Q08361
P13856	P38315
Q03760	P38315
Q02521	P38315
Q02521	P32447
Q08282	P38315
P38624	Q03785
P38688	Q03220
P38688	P38315
P38688	P37366
Q02793	P38315
Q02793	P32447
Q02793	P37366
Q06834	Q03785
P38770	P40103
Q08023	P32447
P32447	P40103
Q12117	P40103
P53895	P40103
Q02804	P38315
Q02804	P32906
Q02772	P32447
P10869	P27515
P53286	P37366
P38042	Q03785
P38066	P27515
Q06689	P40103
P11747	P32447
P48240	P38315
P48240	P27515
Q03944	P32447
P38816	P29509
Q07930	P32447
P38865	P40103
Q05021	P38315
Q05021	Q08361
Q05021	P32447
Q05021	P37366
P20459	P38315
P20459	Q03220
P20459	P27515
P20459	P37366
P27637	P37366
Q04089	P38315
Q04089	P37366
Q6B0Y6	P32447
P39011	P38315
P32347	P32906
P43579	P38315
P43579	Q03220
P38298	P40103
Q05789	Q08361
P14127	P32447
P38707	P38315
P38707	P27515
P39676	Q03785
P39676	P38315
P40006	P38353
P32582	P27515
Q08687	P37366
Q04600	P38315
Q06436	Q03785
Q06436	P37366
P47112	P38315
P07170	P27515
P21771	P37366
P34220	P27515
Q08045	P40103
P47117	Q03785
P40991	P38315
P40991	P32447
P17629	P38315
P17629	P37366
Q08232	P40103
P38694	P27515
P50874	P40489
P50874	P34730
P40041	P38315
P40041	Q03220
P38616	P32906
P40359	P38315
Q12099	P38315
Q12099	Q03220
Q12099	P32447
P11972	P38315
P28707	P37366
P31334	P32447
P38236	P38315
P39518	P38315
P39518	Q03220
P32828	P38315
P32828	P37366
P32828	P32447
P19211	P37366
Q12406	P38315
Q12406	Q03785
Q08438	P32447
Q12165	P37366
Q07747	P27515
Q12021	P04147
P23301	P49956
P29340	P38315
P29340	P37366
P29340	P32447
P05738	Q03785
P05738	P37366
Q12373	P38315
Q12159	P32447
P41338	P27515
P41338	P29509
P28240	P27515
Q04608	P34730
Q12109	P27515
P43682	P40103
P22136	P38315
P22136	Q03220
P40212	P32447
Q06091	P37366
Q08220	P38315
Q04093	Q03785
Q12285	Q03785
Q12052	P38315
Q12402	P40103
P47089	P37366
Q04373	P38315
Q04373	Q03220
Q04373	P37366
P53910	P38315
P53910	Q03220
P53910	P32447
P38247	Q03785
Q12020	P38315
Q03533	P38315
P40042	P38315
P40042	Q03220
Q08231	P38315
Q08231	P29509
Q08231	P37366
P29467	P32447
Q07532	P38315
P00950	P27515
Q07655	Q03785
P38439	P38315
P38255	P32377
P38255	Q03220
P38255	P38315
P23561	P38315
Q05637	P40103
P46972	P32906
P40961	P40103
P27929	P16474
P27929	P38315
P27929	P37366
P36026	P38315
Q08746	P38315
P47988	Q03785
P47988	P29509
Q07623	P38315
Q07623	P37366
P32494	P36121
P15646	P38315
P15646	Q03220
P15646	Q03785
P32836	P29509
Q12253	P40103
P38701	P38315
P38701	Q03220
P52489	P29509
P52489	P27515
P53233	P38315
P0CF16	P38315
Q03776	P38315
Q03776	P37366
Q06287	P38315
Q06287	P37366
P36131	Q03220
P36131	P38315
P36131	P37366
P39108	Q03785
P39108	P38315
P39108	Q03220
P39108	Q08361
Q01855	P32447
P38714	Q03785
P38714	P38315
P38714	P27515
Q08285	P35734
Q08285	Q05900
Q08285	Q03220
P25586	P38315
P25586	P37366
P38246	P26309
P40019	P38315
P40019	P37366
Q12340	P38315
P33399	P38315
P36012	P32447
Q05541	P37366
Q05541	P27515
P10507	P32447
P46964	P40103
Q08108	P32906
P53130	Q99344
P53130	P53962
Q07896	P38315
Q07896	Q03220
P53135	P38315
P53135	P37366
Q12412	P40103
P00925	P29509
P00925	P27515
P00925	P32447
Q08903	P32447
P05150	Q08273
P09733	Q03220
P09733	Q03785
P09733	P32906
Q07688	P50095
Q07688	P38315
P21304	P38315
P21304	Q03220
P21304	P37366
P21304	P32447
P33412	P27515
P53139	P40103
P39561	P40103
P52490	P38315
P52490	P32447
P52490	P37366
Q12330	P38315
Q12330	P32447
P36004	P38315
P40358	P38315
Q06822	P38315
Q06822	P32447
P54861	P38315
P25808	Q03785
P25808	P38315
P19146	P38315
P19146	P29509
Q12161	Q03559
Q12161	Q03785
Q12161	P38315
Q12161	P32447
Q12161	P37366
Q12161	Q08361
Q12161	P27515
P34730	P09368
P22517	Q03785
P25583	P37366
P40473	Q03785
P28320	P38315
P28320	P37366
Q04487	P40103
Q03694	P38315
P53960	P38315
P53960	P37366
P32328	Q03785
P52867	P29509
P14742	P27515
P42826	P38315
P42826	P27515
P00560	P38315
P00560	P27515
P00560	P32906
P0C0T4	P37366
Q07438	P32447
P40012	P32447
Q08749	P40103
P06781	P38315
P38697	P38315
P38697	P29509
P43582	P40103
P07560	P29509
Q02260	P38315
Q03718	P38315
Q01080	P38315
Q01080	Q03220
Q12089	Q03220
Q12089	P38315
Q12089	Q08361
P40091	P38315
P47051	P29509
Q12179	P38315
P40471	P27515
P40471	P32906
P14020	P27515
Q08816	P37366
Q08816	P32447
P36525	Q03220
P21954	P29509
P21954	P32906
P33750	P38315
P33750	Q03220
P33750	P32447
O13554	P32447
Q12523	P38315
Q12523	P37366
P33442	P38315
P21691	P38315
P21691	Q03220
P14747	P38315
P14747	P37366
Q12013	P40103
P40014	P38315
P32911	P38315
P32911	P32447
Q3E7X9	P38315
Q3E7X9	P37366
P40507	P38315
P40507	P32447
P38699	Q03785
P38699	P29509
Q12031	P38315
Q12031	Q03785
Q12031	P27515
Q12031	P32906
P38112	Q03220
P38112	P38315
P40567	P38315
P40567	P37366
Q01766	P32447
P32902	P38315
P32902	Q03220
P05755	P38315
Q08723	P54999
P20133	P27515
P38915	P38315
P38915	P32447
Q12115	P32447
P21623	Q03785
P53632	P38315
Q06833	P38315
P25569	P38315
P25569	P29509
P25569	P32447
P25569	P37366
Q03338	P38315
O13563	P32447
P53179	P32447
P01123	P29509
P01123	P32447
Q03973	P32447
Q03973	P37366
P39533	Q03785
P39533	P32906
O13556	P38315
O13556	P32447
O13556	P37366
P40496	P38315
Q06224	P38315
Q06224	P37366
Q06224	P32447
Q03281	P38315
Q03281	P37366
P05317	P38315
P05317	Q03220
P53685	Q03785
P53685	P27515
P53137	P29704
P53137	P38315
Q05788	P38315
Q05788	P27515
P38150	P37366
Q04341	P32447
Q05123	P38315
Q05123	P29509
Q05123	P32447
P53862	P32447
P53145	Q03220
P53145	P38315
Q08685	P38315
Q08685	Q03220
Q08685	P37366
P38961	P38315
P18408	P27515
P07262	P29509
P40969	P38315
P40969	P29509
Q12479	P38315
Q06214	P38315
Q06214	P32447
P39962	P34730
P46956	P38315
P32452	Q03220
P32452	Q03785
P38891	Q03220
Q02336	P10080
Q02336	P38315
Q02336	Q03220
Q02336	Q08361
P05694	P38315
P05694	Q03785
P05694	Q03220
P05694	P27515
P36036	P38315
P10834	P38315
P10834	Q03220
P22696	Q03785
P22696	P37366
P40455	P38315
P40455	P37366
P34253	P27515
P46681	P32906
Q04636	P38315
Q04636	P37366
P53927	P38315
P53927	P37366
P53927	P32447
P42941	P27515
Q06506	P38315
Q06506	Q03220
Q12216	P17065
Q12216	P38315
Q12216	P37366
P32630	Q03220
P32630	Q08361
P32630	P37366
P53938	P40103
Q12009	P38315
P32785	P27515
P0CX39	P38315
P0CX39	P32447
P32367	P38315
P01119	P38315
P01119	P29509
P35181	P38315
P05744	P32447
P53152	P38315
P53152	Q03785
P07256	P29509
P33891	P38315
P33891	Q03785
P33891	P37366
P0CX41	P32447
P41921	P29509
P41921	P32906
Q03254	P38315
P27705	P37366
P35209	P38315
P38875	P40103
P06115	P27515
Q03246	P37366
P12687	P38315
P12687	P32447
P40570	P40103
P00549	P27515
P23337	P29509
P32793	P32447
P53123	P38315
P21957	P30283
P21957	P38315
P08524	P38315
P08524	P27515
P40079	P38315
P40079	P37366
P46151	Q03220
P46151	P38315
P38806	P37366
P32583	P32447
P47074	P38315
P18414	P40103
P50094	P38315
P50094	P27515
P06169	P37366
P53277	P38315
Q12418	P38315
P28272	P29509
P38074	P32447
Q05498	P38315
Q05672	P54999
P15180	P38315
P15180	Q03785
P15180	P27515
Q02608	P32447
P17214	P38315
P17214	Q03220
P17214	P32447
P14120	P39079
P14120	P38315
P47122	P38315
P41544	P40103
P07834	P38315
O74700	Q08361
P38116	P38315
Q02647	P38315
Q02647	P37366
P42222	P27515
Q12116	P40103
P46654	Q03220
P46654	P38315
P46654	P27515
P42900	P38315
P42900	Q03220
P36075	Q03785
P33417	Q03220
P33417	P38315
P32357	P38315
P32357	P28495
P53133	P38315
P53332	Q03785
P39732	P38315
P39732	P37366
P09064	P38315
P38197	P38315
P38197	Q03220
P38197	Q03785
P38197	P29509
P38197	P32906
P25373	P27515
P04807	P25364
P04807	P27515
P39984	P38315
P39984	P37366
P39984	P32447
Q07928	Q03220
Q07928	P38315
Q03983	P38315
P40043	P32447
P38840	P32906
P28274	P37366
P38797	Q08361
P38797	P32906
P32341	P09119
P39904	P38315
P36039	P40103
P36142	P40103
P07342	P29509
Q12272	P38315
P53287	P32447
Q02733	P29509
P06785	P27515
Q04347	Q04225
Q04347	P38315
P46990	P32447
P49089	P27515
Q12153	P38315
Q12153	Q03220
Q12153	P37366
P38817	P38315
Q07959	P40103
P38747	P38315
Q03774	P38315
Q03774	P32447
P36037	P38315
Q06001	P32447
P38077	P27515
Q07794	P06208
P38954	P40103
Q03124	P38315
P53333	P38315
P53333	P37366
P17709	P38315
P17709	P27515
P53101	P29509
P00358	P29509
P47007	P38315
P36158	Q03220
P36158	P38315
Q05933	P38315
Q05933	P32447
Q05933	P37366
Q12425	P26309
P43601	P38315
P43601	P32447
Q06410	P32377
Q05583	P38315
Q05583	Q03785
Q05583	Q03220
Q05583	P32447
Q05583	Q08361
Q05583	P37366
P16603	P27515
P39105	P32906
P53276	P38315
P13045	Q03785
P13045	P29509
P13045	Q08361
P13045	P27515
P22204	Q03785
P22204	P27515
Q03529	P27515
P21734	P38315
P53824	P27515
P32501	P38315
P32501	Q03220
P32501	P27515
P35203	P34730
P38271	P38315
P38768	Q03220
P38768	P38315
P38768	P32447
P38768	P37366
P43122	P27515
P62651	P40103
Q07951	P38315
Q07951	Q03220
Q07951	Q08361
P36120	P38315
P54115	P27515
P53242	P40103
P47140	P32906
P43123	P37366
P13365	P38315
P16649	P38315
P16649	P37366
Q07716	P32906
P28743	P38315
P38627	P37366
Q08491	P38315
Q08491	P29509
P32499	P26448
P32499	Q06336
P32499	P54999
P12686	Q03220
P11353	P37366
P07275	P27515
Q04773	P37366
P10127	P29509
Q07949	P37366
Q12060	P38315
P47005	P38315
P38109	Q03785
P45818	P38315
P50095	P38315
P50095	P29509
P00635	P32906
P06633	Q03220
P06633	Q03785
P06633	P37366
Q07395	P54999
Q12518	P40103
P40157	P38315
P40157	P32447
P40157	P37366
Q12206	P38315
Q12206	P37366
Q12206	P32447
P38604	Q03220
P40151	P38315
P40151	Q03785
P40151	P37366
P40339	P38315
Q03219	Q03785
Q03219	P38315
Q03219	Q08361
Q03219	P29509
P38795	P38315
P38795	Q03785
P38795	P27515
P38795	P32906
P40495	P29509
P36146	P38315
P38332	P38315
P38332	P37366
Q04601	P38315
Q12395	P37366
P32794	P38315
P32572	P29509
Q12486	P14681
P26785	Q03220
P26785	P38315
P26785	P37366
Q07442	Q03785
Q07442	P38315
Q07442	P37366
Q04399	P38315
P21269	P38315
P32891	P32906
P26570	Q03785
P26570	P38315
P53082	P37366
P53732	Q03220
P12709	P27515
P12709	P29509
P04456	P38351
P04456	P32447
P35191	P37366
P35191	Q08361
O13588	P32447
Q3E835	Q03220
Q3E835	P38315
Q3E835	Q08361
Q3E835	P32447
Q3E835	P37366
P37292	P27515
Q04304	P32906
P07213	Q03785
P32523	P37366
P53973	P38315
P53973	P32447
P53973	P37366
Q99210	P27515
P35179	Q08361
P42940	P38315
P42940	P27515
P33296	P38315
Q04307	P38315
Q04307	P29509
Q04307	P32447
P23542	P29509
P00410	P32906
P40089	P38315
P14540	P27515
P39682	Q03220
P39990	P38315
P39990	P32447
P32354	P38315
P04802	P27515
P32047	Q03785
P38079	P40103
Q6Q560	Q03220
Q03532	P38315
Q03532	Q03785
Q03532	P32447
P38207	P38315
P38207	P29509
P40030	P40103
Q07980	P38315
Q07980	Q03220
Q07980	P29509
Q07980	Q08361
Q07980	P32447
Q07980	P37366
P39008	P37366
Q07913	Q06336
Q07913	P54999
P50278	P38315
P50278	Q03220
P50278	Q03785
P50278	P37366
P50278	P27515
Q05827	P32906
P38909	P27515
Q03941	P27515
P38629	P38315
P39079	Q04067
P39079	P38315
P39079	Q03785
Q12181	P38315
P46680	P38315
P46680	P29509
P46680	P32447
Q04632	P38315
Q04632	Q03220
P36132	P27515
Q12041	P37366
P34252	P38315
P36070	P38315
P36070	P32447
P36070	P37366
P47186	P29509
P39014	P38315
P39014	P37366
P25646	Q03220
P24309	P38315
P38687	Q12024
Q3E793	P37366
P29952	P38627
P29952	P38315
P29952	Q08361
P29952	P27515
P39926	P38315
P32899	P38315
P32899	Q03785
P32899	Q03220
P32899	P32447
Q99190	P40103
P32364	P38315
P20448	Q03220
P20448	P38315
P32832	P38315
P0CX35	P38315
Q12481	P38315
P46993	P40103
Q03148	P27515
Q04673	P38315
Q04673	Q08361
P39995	P27515
P53140	P38315
P38123	P38315
P38123	Q03220
P38123	P37366
P38123	Q08361
P34167	P37366
P38333	Q03220
P38333	P38315
Q02784	P27515
Q02784	P32906
P38241	P38315
Q04603	Q08361
Q04603	P37366
Q04226	P38315
P25369	P38315
P53064	P38315
P53064	P32447
P53064	P37366
P53911	P32447
P04803	P38315
P32496	P38315
P32496	Q08361
Q04305	P38315
Q04305	Q03220
Q04305	Q08361
P32529	P32447
P53598	P29509
Q12431	P40103
Q99177	Q03220
Q99177	P38315
Q99177	P37366
P40160	Q03220
P40160	P38315
P40160	P32447
P40569	Q04225
P53255	P37366
P38347	P32377
P47015	P38315
P47015	Q08361
P38825	Q03785
Q08754	P38315
Q08754	Q03220
Q08754	P29509
P05735	P38315
P05735	P32447
P05735	P37366
Q06543	P38315
P0CH08	P38315
P0CH08	P32447
P0CH08	P37366
Q03750	P38315
Q12306	P28495
Q12306	P29509
Q12306	P32447
P40217	P38315
P40217	Q03785
P40217	Q08361
P53045	P27515
P38126	P38315
P38129	P38315
P38262	P38315
P38262	Q03220
P38262	P29509
P38262	P37366
P12385	P38315
P00927	P38315
P00927	P37366
P38823	P38315
P48525	P27515
P32288	P38315
Q06137	P27515
P40955	P26309
P38705	P38315
P43596	P38315
P38637	Q06339
P53040	P38315
Q08907	P32906
P52923	Q03785
P52923	P37366
Q04228	P32447
Q06339	P47130
Q06339	P26309
Q06339	Q12090
Q06339	P02365
Q12460	P38315
Q12460	P37366
Q12460	P32447
Q12387	P38315
P38340	P27515
P38766	Q03220
P38766	P38315
Q02959	P38315
P40018	P38315
P39967	P38315
P39967	P37366
P25576	P27515
Q12464	P26448
Q12464	Q06336
Q12464	P54999
Q12464	P49956
P36114	P38315
P36114	P37366
P38351	P38315
P38351	Q03220
P38351	P37366
P38351	P32447
Q06408	P37366
P23797	Q03785
P23797	P27515
P23797	P32906
P43538	P38315
P43538	Q03220
Q03010	P38315
Q03010	P37366
Q03010	P32447
P53309	P38315
P04786	P38315
P04786	P37366
P25293	P38315
P25293	P32447
P25380	P32906
P23254	P27515
P50089	P38315
P50089	P37366
P26449	P38315
P26449	Q03220
P43606	P38315
P32604	P27515
P36105	Q06683
P36105	P32447
P53228	P27515
P39927	P37366
Q03769	P38315
Q05785	P38315
Q05785	P37366
P05736	Q03220
Q08287	P38315
Q08287	Q03785
Q07560	P27515
Q99314	P37366
P23394	Q03785
P23394	Q03220
P23394	P38315
P23394	P37366
P28496	P40103
P43637	Q03785
P43616	Q03220
P43616	P37366
Q01662	P23796
Q12672	P32447
P38902	P38315
Q04368	P17065
Q04368	P38315
Q04368	Q03220
Q04368	P37366
Q06709	P38315
Q02486	Q03220
P38882	Q03220
P38882	P38315
Q08490	P38315
P36041	P37366
P12962	P32447
P12962	P37366
Q04406	P29509
P36096	P40103
Q02642	P38315
Q02642	Q03220
P38820	Q03785
P38820	P32447
P32613	P38315
P32613	P27515
P25615	P38315
P40040	Q03785
Q12473	P40103
P53843	P38315
P53843	P32447
Q12362	P38315
Q12362	Q03220
Q12362	P29509
P26781	P32447
P53725	P38315
Q06679	P38315
P53294	P47130
P53294	P26309
P53294	P02365
P53294	Q12090
Q12417	P38315
P40512	P38315
P40512	P37366
P07236	P46672
P07236	P27515
P38345	Q08361
P38362	P32447
P40362	P25453
P40362	P04650
P53235	P38315
P53235	P37366
P16622	P32906
Q12377	P37366
P30656	P38315
P38203	Q12136
Q12098	P38315
P49960	P39990
P0C0W1	P38315
P15891	P37366
Q3E7Y3	P38315
Q3E7Y3	P37366
P53915	P27515
P40204	P38315
P05759	P38315
P05759	Q03220
P05759	Q03785
P05759	P32447
Q12008	P27515
P41819	P38315
P41819	P37366
Q03976	P38315
P07252	P38315
P07252	Q03220
P07252	Q08361
P00498	P39961
P30620	Q04225
P15700	P27515
Q07500	Q08361
P52868	P38315
P52868	P37366
P47175	Q03785
Q07648	Q08361
P20449	P38315
P20449	Q03220
P20449	P37366
P33441	P38315
P33441	P32447
P53048	P29509
Q12334	P38315
P35201	Q03220
P35201	P38315
P35201	P32447
P53062	P40103
P40047	P27515
P22936	P38315
P22936	P32906
P32485	Q03785
P24719	P32906
P40316	P38315
P40316	P37366
P07279	Q03220
P25585	P32447
P53331	P38315
P53331	P29509
P22209	Q03220
P22209	P29509
Q02831	P38315
P47139	P32906
P32585	P27515
P39706	P38315
P39706	P32447
P39706	P37366
P53315	Q03785
P53315	P27515
P53315	P32906
P47138	P38315
P43595	P40103
P37838	P38315
P16451	P32906
P32835	P29509
P47110	P38315
P47110	P37366
P38698	P27515
Q06205	P38315
Q06205	Q03220
Q06205	Q03785
Q06205	Q08361
Q06205	P27515
Q06205	P32447
P34163	P32906
P53248	P38315
P53248	Q03220
P53248	P53137
P34087	P38315
P34087	P37366
P39110	P38315
P39110	P29509
P39110	P32447
Q04149	P38315
P30775	Q08361
P38251	Q03785
P38251	P38315
Q12495	P38315
Q12495	P37366
P40577	P38315
P40577	P37366
P15790	P37366
P39943	P37366
P38183	P32447
P53030	P38315
Q04712	P38315
Q04712	P37366
P22141	Q03785
Q12500	P37366
P53757	P40103
P53757	P32447
P15019	P27515
P38156	P29509
P42884	P27515
P48234	P38315
P48234	P37366
Q06563	P40103
P53336	Q03220
P53336	P37366
Q03558	P27515
P40492	P38315
P40492	P37366
P13259	P38315
P13259	Q03785
P13259	P37366
P13259	P32447
P35127	Q03785
Q12024	P06243
P36101	Q03220
Q03629	P40103
Q12146	P37366
Q04062	P38315
Q04062	Q03220
Q04062	P37366
P50084	P38315
P50084	P32447
Q04225	P38315
P22336	O13556
P22336	Q03220
P22336	P38315
P22336	P32447
P22336	Q08361
P22336	P37366
Q12453	P38315
Q03337	Q04636
P08468	P38315
P08468	Q03220
P25300	P38315
P25300	P37366
Q03860	P40103
P10963	P27515
P06168	P32906
P25381	P38315
P25381	P32906
Q03940	P38315
Q03940	Q03220
Q03940	Q08361
Q03940	P37366
P38879	P38315
P38879	P37366
P54964	P27515
Q04806	Q03785
Q04806	P29509
P35184	P38315
P35184	P29509
P18496	Q08361
P38316	Q03785
Q04739	P29509
P40328	P38315
Q04734	P40103
P00937	P27515
P24870	P38315
P24870	P32447
P24870	P37366
P38146	P38315
P38146	P29509
P47172	P32377
Q12233	Q08361
P53155	P29509
P42073	P38315
P34247	P38315
P20604	P38315
P20604	Q03785
P20604	Q03220
P20604	Q08361
P25625	P40103
P38064	Q03220
P38064	P32447
P53251	P38315
P39958	Q03220
P39958	P27515
P39958	P32447
P39958	P37366
P35056	Q03785
P42938	P27515
P53937	P38315
P53937	Q03220
P53937	P32447
P04806	P37366
P04806	P27515
Q02648	P38315
Q05790	P32906
P36156	P43607
Q07915	P38315
Q02516	P37366
P40078	P38315
P21592	P27515
Q04599	P39990
Q12292	Q03785
P46367	P27515
P46991	P32447
P00546	P38315
P00546	P32906
P00546	P32447
P43634	P37366
P53184	P27515
Q3E7C1	Q03220
Q3E7C1	P38315
Q3E7C1	P32447
Q3E7C1	P37366
P40024	P38315
P40024	Q03785
P40958	P38315
Q08321	P32447
P23639	P38315
P23639	Q03785
P25045	P27515
P26364	P27515
P38874	P38315
P38874	P32447
P38874	P37366
P08539	P32447
P40533	Q03785
P80210	P27515
Q12457	Q03785
Q12457	P38315
Q12457	P37366
P33329	P38315
P33329	Q03785
P04397	P27515
P00724	P38315
P00724	P32906
P40206	P38315
Q06683	P38315
Q06683	Q03220
P07264	P28495
